Entity,Code,Year,Tree cover loss driven by commodity-driven deforestation,Tree cover loss driven by forestry,Tree cover loss driven by shifting agriculture,Tree cover loss driven by wildfire,Tree cover loss driven by urbanization
Afghanistan,AFG,2001,,31.75351,,,
Afghanistan,AFG,2002,,67.85075,,,
Afghanistan,AFG,2003,,113.22104,,,
Afghanistan,AFG,2004,,131.22055,,,
Afghanistan,AFG,2005,,102.6212,,,
Afghanistan,AFG,2006,,84.0323,,,
Afghanistan,AFG,2007,,144.66505,,,
Afghanistan,AFG,2008,,59.700363,,,
Afghanistan,AFG,2009,,24.907612,,,
Afghanistan,AFG,2010,,51.478058,,,
Afghanistan,AFG,2011,,29.166172,,,
Afghanistan,AFG,2012,,9.77387,,,
Afghanistan,AFG,2013,,0.1937704,,,
Afghanistan,AFG,2014,,0.5099326,,,
Afghanistan,AFG,2018,,23.92465,,,
Afghanistan,AFG,2019,,7.5209227,,,
Afghanistan,AFG,2020,,29.167397,,,
Afghanistan,AFG,2021,,24.127462,,,
Afghanistan,AFG,2022,,5.5563927,,,
Afghanistan,AFG,2023,,10.74735,,,
Africa,,2001,5529.3403,96339.305,1256633,6019.1914,9297.251
Africa,,2002,5166.472,66092.47,1406030.5,6112.223,6757.902
Africa,,2003,2368.5283,106555.36,901675.9,4441.202,4757.884
Africa,,2004,1505.6748,84104.37,990905.8,4454.4316,3632.1448
Africa,,2005,2889.8083,117681.336,1288561.6,5358.946,8093.0093
Africa,,2006,4102.5454,124335.92,1338818.9,6769.667,6266.6265
Africa,,2007,4100.5327,68274.74,1593937.6,6353.3066,10584.875
Africa,,2008,4992.0073,96487.875,1531708.6,7498.733,10898.723
Africa,,2009,6188.348,92160.875,1927751.8,9766.11,9989.454
Africa,,2010,3796.4316,75122.59,2012517.6,5176.0474,8958.996
Africa,,2011,7013.379,87139.2,1661608.8,7724.2075,11094.46
Africa,,2012,5528.695,105202.64,1902246,7654.474,10124.909
Africa,,2013,12752.293,78497.54,2913615.2,9197.015,14541.11
Africa,,2014,18141.705,92255.53,3951105.8,11493.502,18539.506
Africa,,2015,11956.027,82365.12,2880023,10881.148,9609.967
Africa,,2016,12410.968,96791.33,3951123.2,10211.647,16411.24
Africa,,2017,21456.076,146700.48,4843961.5,20849.605,29027.793
Africa,,2018,13942.651,76456.67,4032397.2,11739.92,20584.254
Africa,,2019,10942.481,86085.18,3514252,13785.225,16801.21
Africa,,2020,12500.242,73829.89,3890253.5,14107.445,21767.127
Africa,,2021,11591.219,70746.914,3635685.2,12492.356,18932.68
Africa,,2022,16290.309,65851.41,3512194.8,13308.616,18642.73
Africa,,2023,28096.383,49296,3866623.5,12300.091,19649.303
Akrotiri and Dhekelia,OWID_AKD,2001,,,,0.38146663,
Akrotiri and Dhekelia,OWID_AKD,2002,,,,0.25431305,
Akrotiri and Dhekelia,OWID_AKD,2004,,,,1.5893532,
Akrotiri and Dhekelia,OWID_AKD,2005,,,,0.06357925,
Akrotiri and Dhekelia,OWID_AKD,2006,,,,2.0977573,
Akrotiri and Dhekelia,OWID_AKD,2007,,,,3.0511975,
Akrotiri and Dhekelia,OWID_AKD,2008,,,,0.9534955,
Akrotiri and Dhekelia,OWID_AKD,2009,,,,2.8603144,
Akrotiri and Dhekelia,OWID_AKD,2010,,,,0.12711334,
Akrotiri and Dhekelia,OWID_AKD,2011,,,,0.9536349,
Akrotiri and Dhekelia,OWID_AKD,2012,,,,1.779787,
Akrotiri and Dhekelia,OWID_AKD,2013,,,,1.0172178,
Akrotiri and Dhekelia,OWID_AKD,2014,,,,1.2078601,
Akrotiri and Dhekelia,OWID_AKD,2015,,,,4.957928,
Akrotiri and Dhekelia,OWID_AKD,2016,,,,8.326675,
Akrotiri and Dhekelia,OWID_AKD,2017,,,,1.3348205,
Akrotiri and Dhekelia,OWID_AKD,2018,,,,0.8263687,
Akrotiri and Dhekelia,OWID_AKD,2019,,,,0.6993121,
Akrotiri and Dhekelia,OWID_AKD,2020,,,,0.57205933,
Akrotiri and Dhekelia,OWID_AKD,2021,,,,0.31782228,
Aland Islands,ALA,2001,,389.3697,,,
Aland Islands,ALA,2002,,277.43417,,,
Aland Islands,ALA,2003,,214.06451,,,
Aland Islands,ALA,2004,,732.0442,,,
Aland Islands,ALA,2005,,695.0801,,,
Aland Islands,ALA,2006,,95.92591,,,
Aland Islands,ALA,2007,,242.33264,,,
Aland Islands,ALA,2008,,1268.1115,,,
Aland Islands,ALA,2009,,663.197,,,
Aland Islands,ALA,2010,,628.3776,,,
Aland Islands,ALA,2011,,460.20273,,,
Aland Islands,ALA,2012,,652.1551,,,
Aland Islands,ALA,2013,,507.42612,,,
Aland Islands,ALA,2014,,545.72974,,,
Aland Islands,ALA,2015,,561.9195,,,
Aland Islands,ALA,2016,,665.4823,,,
Aland Islands,ALA,2017,,727.7951,,,
Aland Islands,ALA,2018,,615.53876,,,
Aland Islands,ALA,2019,,2338.289,,,
Aland Islands,ALA,2020,,669.9393,,,
Aland Islands,ALA,2021,,1338.3608,,,
Aland Islands,ALA,2022,,1146.7559,,,
Aland Islands,ALA,2023,,1092.2336,,,
Albania,ALB,2001,,2205.4397,73.184525,1401.781,
Albania,ALB,2002,,605.9664,8.316947,264.94232,
Albania,ALB,2003,,415.98032,6.554859,180.18527,
Albania,ALB,2004,,2155.1453,19.338522,1022.405,
Albania,ALB,2005,,488.77167,11.936393,177.09418,
Albania,ALB,2006,,548.64496,16.77905,388.2142,
Albania,ALB,2007,,2126.2612,52.72858,3020.5132,
Albania,ALB,2008,,2101.6501,40.452744,3309.5947,
Albania,ALB,2009,,866.9479,103.92559,342.69467,
Albania,ALB,2010,,468.30023,17.622005,160.83409,
Albania,ALB,2011,,827.25574,126.86836,217.24768,
Albania,ALB,2012,,2845.6392,146.0303,2362.039,
Albania,ALB,2013,,1678.433,30.442991,845.6811,
Albania,ALB,2014,,796.8022,19.378601,210.23665,
Albania,ALB,2015,,224.29707,14.588951,39.079834,
Albania,ALB,2016,,549.99615,41.99539,327.25906,
Albania,ALB,2017,,1354.6669,59.501717,259.73038,
Albania,ALB,2018,,1675.4427,59.979027,295.80835,
Albania,ALB,2019,,833.5504,48.05912,175.85747,
Albania,ALB,2020,,692.5135,92.412186,325.47913,
Albania,ALB,2021,,1115.0903,251.01265,308.32513,
Albania,ALB,2022,,1587.8004,143.28638,351.838,
Albania,ALB,2023,,2154.4033,19.455091,323.86127,
Algeria,DZA,2001,198.38228,499.73044,1559.4104,745.3123,336.51736
Algeria,DZA,2002,236.86908,755.90247,1106.7032,732.9461,58.327553
Algeria,DZA,2003,320.82938,1055.5366,1343.1389,792.4961,144.50404
Algeria,DZA,2004,321.9591,803.69135,2177.7722,712.8834,230.70944
Algeria,DZA,2005,154.0664,873.245,1907.6088,1324.1593,128.06357
Algeria,DZA,2006,436.02017,1204.0509,2269.9731,1164.4365,174.46228
Algeria,DZA,2007,386.38623,1132.239,2363.402,764.5321,443.5137
Algeria,DZA,2008,585.6985,1575.8864,3451.287,1676.6318,558.572
Algeria,DZA,2009,639.64923,2594.761,3892.7058,2695.9275,349.33792
Algeria,DZA,2010,234.97734,873.9575,859.95984,505.953,79.57467
Algeria,DZA,2011,780.274,2274.6057,3499.1038,1441.469,236.42
Algeria,DZA,2012,1273.168,3147.3127,3976.6316,1969.0337,419.57144
Algeria,DZA,2013,433.57593,2542.9128,2337.265,1453.3566,115.13021
Algeria,DZA,2014,1227.9329,3281.4656,3069.7822,1734.3525,181.04585
Algeria,DZA,2015,846.674,1229.5519,2461.5894,962.49603,197.68391
Algeria,DZA,2016,1116.49,2139.0747,3192.5984,1382.1573,175.18484
Algeria,DZA,2017,5547.761,16922.201,15766.628,7245.83,458.08258
Algeria,DZA,2018,575.9083,1406.2192,2528.3127,1037.642,166.57826
Algeria,DZA,2019,478.40775,1494.6677,2645.2283,1461.2279,181.67688
Algeria,DZA,2020,1643.1339,2851.9907,5768.426,2593.8518,192.41498
Algeria,DZA,2021,2440.735,3704.6782,10331.378,3604.1057,361.6879
Algeria,DZA,2022,1129.4946,4923.7554,3408.5974,3762.0144,188.17062
Algeria,DZA,2023,12336.47,2136.6064,4775.539,2015.4968,757.74146
Andorra,AND,2001,,0.057020288,,0.6281406,
Andorra,AND,2002,,0.057049092,,0.7422417,
Andorra,AND,2003,,0.11404171,,0.11404936,
Andorra,AND,2004,,3.250899,,9.476942,
Andorra,AND,2005,,0.057036266,,1.5980542,
Andorra,AND,2007,,0.05704032,,1.5989958,
Andorra,AND,2008,,0.39909545,,4.2784505,
Andorra,AND,2009,,0.17110588,,2.340192,
Andorra,AND,2010,,0.22817117,,0.7985496,
Andorra,AND,2012,,0.17106088,,4.505712,
Andorra,AND,2018,,0.11406151,,11.410002,
Andorra,AND,2020,,1.1409516,,17.68716,
Andorra,AND,2021,,0.39922756,,1.4832344,
Andorra,AND,2022,,4.105983,,5.0211225,
Andorra,AND,2023,,0.9694651,,4.277431,
Andorra,AND,2006,,,,6.39672,
Andorra,AND,2011,,,,0.9132576,
Andorra,AND,2013,,,,1.4830536,
Andorra,AND,2014,,,,0.7984767,
Andorra,AND,2015,,,,2.1677833,
Andorra,AND,2016,,,,0.57050204,
Andorra,AND,2017,,,,2.9090812,
Andorra,AND,2019,,,,0.5133041,
Angola,AGO,2001,2.5127552,265.22534,98079.34,460.56018,
Angola,AGO,2002,39.230694,29.030313,58604.1,256.31772,
Angola,AGO,2003,9.647748,25.772768,50981.31,104.558754,
Angola,AGO,2004,13.562551,21.854582,69687.32,222.53976,
Angola,AGO,2005,4.975961,109.76644,91730.15,197.10242,
Angola,AGO,2006,10.727537,6.3455276,75436.4,106.55895,
Angola,AGO,2007,12.796087,130.11324,143365.33,370.3628,
Angola,AGO,2008,21.758768,57.559692,102186.35,283.05862,
Angola,AGO,2009,52.7152,49.734394,164205.88,201.58865,
Angola,AGO,2010,41.37182,70.57856,156712.7,172.99242,
Angola,AGO,2011,166.39424,71.40149,180560.56,239.2071,
Angola,AGO,2012,48.092926,400.17435,176701.36,305.12607,
Angola,AGO,2013,83.62449,427.98434,165502.66,330.24808,
Angola,AGO,2014,180.10878,667.01794,209660.16,355.56177,
Angola,AGO,2015,103.89286,608.6753,160118.22,390.59518,
Angola,AGO,2016,121.42723,604.31494,227899.25,510.34485,
Angola,AGO,2017,142.70328,797.8172,278305.6,604.43365,
Angola,AGO,2018,103.739426,993.03174,240530.55,369.47595,
Angola,AGO,2019,103.5802,274.76038,174306.17,247.28146,
Angola,AGO,2020,49.002625,461.4552,246223.25,618.0257,
Angola,AGO,2021,54.54584,1153.623,295689.4,930.5063,
Angola,AGO,2022,72.99681,595.5626,265469.72,490.56415,
Angola,AGO,2023,175.92937,287.98883,267073.7,662.5161,
Antigua and Barbuda,ATG,2001,,,21.49755,,
Antigua and Barbuda,ATG,2002,,,17.288185,,
Antigua and Barbuda,ATG,2003,,,15.752676,,
Antigua and Barbuda,ATG,2004,,,23.770123,,
Antigua and Barbuda,ATG,2005,,,60.28193,,
Antigua and Barbuda,ATG,2006,,,56.810028,,
Antigua and Barbuda,ATG,2007,,,35.169533,,
Antigua and Barbuda,ATG,2008,,,43.19284,,
Antigua and Barbuda,ATG,2009,,,58.58465,,
Antigua and Barbuda,ATG,2010,,,15.971669,,
Antigua and Barbuda,ATG,2011,,,24.584536,,
Antigua and Barbuda,ATG,2012,,,30.988825,,
Antigua and Barbuda,ATG,2013,,,18.69618,,
Antigua and Barbuda,ATG,2014,,,23.10843,,
Antigua and Barbuda,ATG,2015,,,8.539336,,
Antigua and Barbuda,ATG,2016,,,13.984868,,
Antigua and Barbuda,ATG,2017,,,69.83816,,
Antigua and Barbuda,ATG,2018,,,151.80344,,
Antigua and Barbuda,ATG,2019,,,23.41031,,
Antigua and Barbuda,ATG,2020,,,13.325795,,
Antigua and Barbuda,ATG,2021,,,34.816128,,
Antigua and Barbuda,ATG,2022,,,32.238792,,
Antigua and Barbuda,ATG,2023,,,16.7042,,
Argentina,ARG,2001,70315.89,26949.535,40471.453,6037.6655,51.231297
Argentina,ARG,2002,51365.203,25607.555,22357.82,3407.454,168.37442
Argentina,ARG,2003,143286.95,31058.025,58362.914,13862.998,241.92929
Argentina,ARG,2004,282985.56,40335.227,86772.93,19960.363,244.38148
Argentina,ARG,2005,223654.19,41275.12,85571.06,14282.483,174.78583
Argentina,ARG,2006,185611.11,47978.137,65115.895,14090.9375,290.84583
Argentina,ARG,2007,272444,41366.31,89499.32,19262.117,237.88474
Argentina,ARG,2008,394678.47,48535.723,125324.97,20205.227,313.6286
Argentina,ARG,2009,198166.23,30084.932,65310.668,12365.557,183.96179
Argentina,ARG,2010,277095.8,37455.68,80301.02,15940.4375,106.27304
Argentina,ARG,2011,342158.38,38588.758,101835.73,13386.811,150.40932
Argentina,ARG,2012,311324.94,47846.062,105388.125,8977.198,107.315475
Argentina,ARG,2013,214788.66,40176.477,110531.55,9138.525,143.31187
Argentina,ARG,2014,130293.336,33945.453,66007.695,8322.833,364.0623
Argentina,ARG,2015,112492.85,18448.965,42334.055,6213.156,44.182503
Argentina,ARG,2016,128920.484,29925.387,62096.3,8194.6,130.73434
Argentina,ARG,2017,118788.26,34280.258,72933.08,6657.1255,157.03487
Argentina,ARG,2018,98204.336,20919.014,47909.547,5388.5347,72.607605
Argentina,ARG,2019,78624.69,20950.656,41646.645,3478.1675,125.01929
Argentina,ARG,2020,111379.95,24706.496,56663.285,3854.7952,128.58128
Argentina,ARG,2021,117112.73,30031.795,50072.027,3764.9104,91.61586
Argentina,ARG,2022,127780.08,30138.477,61895.1,11553.626,97.48259
Argentina,ARG,2023,133554.92,23209.385,52993.094,5768.629,200.25552
Armenia,ARM,2001,,54.862328,,,
Armenia,ARM,2002,,70.314445,,,
Armenia,ARM,2003,,178.48077,,,
Armenia,ARM,2004,,42.17158,,,
Armenia,ARM,2005,,68.464966,,,
Armenia,ARM,2006,,58.129,,,
Armenia,ARM,2007,,15.851393,,,
Armenia,ARM,2008,,56.526905,,,
Armenia,ARM,2009,,112.286316,,,
Armenia,ARM,2010,,84.75765,,,
Armenia,ARM,2011,,99.8206,,,
Armenia,ARM,2012,,116.07545,,,
Armenia,ARM,2013,,14.59336,,,
Armenia,ARM,2014,,23.465025,,,
Armenia,ARM,2015,,1.3428545,,,
Armenia,ARM,2016,,4.041494,,,
Armenia,ARM,2017,,5.8399606,,,
Armenia,ARM,2018,,2.3358996,,,
Armenia,ARM,2019,,0.058530837,,,
Armenia,ARM,2020,,4.3756475,,,
Armenia,ARM,2021,,3.1504734,,,
Armenia,ARM,2022,,5.624128,,,
Armenia,ARM,2023,,77.99469,0.77521473,,
Aruba,ABW,2009,,,0.07514694,,
Asia,,2001,957196.3,566011.94,105496.56,46008.61,7699.8237
Asia,,2002,1057918.1,611203.8,150942.3,46372.18,6381.8296
Asia,,2003,670409.06,551015,158426.08,104492.914,3981.4856
Asia,,2004,1542879.2,926328.9,200082.14,149290.61,9458.941
Asia,,2005,1479833.6,844429.7,182330.62,48365.676,7931.634
Asia,,2006,1682201.6,1021660.8,258508.92,117454.375,11435.212
Asia,,2007,1680894.5,1231494.2,261249.98,87931.09,10758.634
Asia,,2008,1656856.1,1268735.9,233686.62,98806.33,10049.34
Asia,,2009,2380466,1403764.4,355437.53,118393.75,13065.437
Asia,,2010,1731192.2,1320081.2,363777.5,53507.504,13854.835
Asia,,2011,1919299.1,1255321,303192.16,25492.133,10130.161
Asia,,2012,2708033,1500472.1,393060.84,56903.85,13350.976
Asia,,2013,1535496.9,1096341.1,341116.4,8871.927,6566.8936
Asia,,2014,2391046.5,1606849.1,485458.28,10622.629,11782.338
Asia,,2015,2067412.1,1482186.6,469861.22,11290.759,8585.199
Asia,,2016,2834734,2140874,625537.5,14108.923,14413.652
Asia,,2017,1761918.2,1863409.8,528601,37881.05,15287.48
Asia,,2018,1574387.2,1581371.5,445181.75,22188.95,12035.421
Asia,,2019,1550084.6,1517843.9,498189.3,16760.3,11539.086
Asia,,2020,1283204.4,1364468.1,486695.75,13444.203,11276.908
Asia,,2021,1193515.8,1456581.2,442810.25,10330.95,10365.678
Asia,,2022,1156898.4,1492580.8,421823.62,3507.6863,10211.423
Asia,,2023,1677849.9,1626769.2,515751.28,6918.4185,14902.326
Australia,AUS,2001,1940.7017,67522.94,375.9851,145816.48,1528.5293
Australia,AUS,2002,2254.542,72516.63,624.76385,233240.38,1917.8563
Australia,AUS,2003,5492.8296,125561.58,644.1681,236170.67,2893.3752
Australia,AUS,2004,2712.9983,86529.59,837.37366,30593.584,2184.308
Australia,AUS,2005,3938.6697,92630.945,809.73444,74772.62,2554.003
Australia,AUS,2006,2477.3496,102848.62,1068.5889,75484.836,2230.5842
Australia,AUS,2007,4366.213,165913.94,1330.3833,195387.8,2607.4368
Australia,AUS,2008,2116.1423,93641.64,881.9152,105135.96,2053.2607
Australia,AUS,2009,1485.7946,150680.89,1279.8123,46297.33,1855.711
Australia,AUS,2010,2878.06,75814.16,445.7259,207417.98,1782.5499
Australia,AUS,2011,1356.168,77194.234,6786.469,32907.72,1513.7181
Australia,AUS,2012,4247.834,78675.27,802.58844,48691.293,5451.8174
Australia,AUS,2013,6039.6445,130154.01,1419.9901,108258.22,11832.132
Australia,AUS,2014,9762.19,135193.62,7860.9775,123165.45,2558.7031
Australia,AUS,2015,3462.705,115612.96,2311.4343,136228.83,2897.7651
Australia,AUS,2016,2156.68,267755.75,2184.5632,149738.11,7477.3813
Australia,AUS,2017,5993.888,145777.6,4541.246,74669.17,4600.23
Australia,AUS,2018,3588.8152,124107.23,1471.0978,114003.47,6545.3423
Australia,AUS,2019,49940.55,541379.9,5162.949,1044406.9,19020.715
Australia,AUS,2020,16650.883,859399.7,1245.2366,1462871.9,14874.665
Australia,AUS,2021,8074.46,123689.63,707.58356,119810.44,7695.141
Australia,AUS,2022,1523.7866,74090.8,614.5353,40012.35,2128.5232
Australia,AUS,2023,4984.548,66853.96,745.7391,116468.57,1592.5503
Austria,AUT,2001,,6901.2803,,7.9591494,7.286951
Austria,AUT,2002,,10853.676,,10.626896,12.306137
Austria,AUT,2003,,14446.038,,13.935427,9.304505
Austria,AUT,2004,,14559.18,,16.162176,9.818837
Austria,AUT,2005,,21597.15,,19.914488,15.55807
Austria,AUT,2006,,12549.183,,12.123877,4.337156
Austria,AUT,2007,,31627.768,,8.327035,15.358048
Austria,AUT,2008,,26845.568,,13.091654,21.861176
Austria,AUT,2009,,15829.848,,7.291362,14.837999
Austria,AUT,2010,,16669.88,,8.534361,9.558419
Austria,AUT,2011,,18062.062,,7.1278777,4.135097
Austria,AUT,2012,,11113.234,,18.123941,5.265969
Austria,AUT,2013,,7630.3823,,1.6551999,6.4095135
Austria,AUT,2014,,9833.819,,11.4868145,8.62945
Austria,AUT,2015,,7911.86,,10.162699,8.266588
Austria,AUT,2016,,17174.777,,14.24768,5.8920484
Austria,AUT,2017,,18355.994,,13.690108,9.304128
Austria,AUT,2018,,26254.63,,23.182816,5.430432
Austria,AUT,2019,,33515.086,,35.51743,16.999521
Austria,AUT,2020,,25881.482,,14.74857,6.7124987
Austria,AUT,2021,,16604.254,,14.8544035,4.3398733
Austria,AUT,2022,,19840.201,,6.6608644,5.5790415
Austria,AUT,2023,,26483.652,,5.416971,5.837538
Azerbaijan,AZE,2001,,241.66307,34.471146,,0.82444394
Azerbaijan,AZE,2002,,743.93585,63.99163,,1.2368178
Azerbaijan,AZE,2003,,600.8466,70.37788,,1.0010487
Azerbaijan,AZE,2004,,233.98598,65.17699,,0.76563865
Azerbaijan,AZE,2005,,102.64245,27.773361,,1.5311393
Azerbaijan,AZE,2006,,261.01785,15.460878,,2.9449732
Azerbaijan,AZE,2007,,306.62842,20.53979,,2.2972505
Azerbaijan,AZE,2008,,128.50882,159.12692,,16.376467
Azerbaijan,AZE,2009,,186.00041,33.304756,,0.70662737
Azerbaijan,AZE,2010,,220.08525,34.2767,,0.6478178
Azerbaijan,AZE,2011,,54.30895,4.0219183,,0.11782517
Azerbaijan,AZE,2012,,251.96652,127.9592,,0.41211155
Azerbaijan,AZE,2013,,26.891745,29.94286,,0.1766699
Azerbaijan,AZE,2014,,141.81746,80.080124,,0.0588863
Azerbaijan,AZE,2015,,2.7511432,0.5306186,,
Azerbaijan,AZE,2016,,2.2304745,1.9854121,,
Azerbaijan,AZE,2017,,55.55738,1.4107505,,
Azerbaijan,AZE,2018,,69.65647,0.66188806,,
Azerbaijan,AZE,2019,,4.8908415,,,
Azerbaijan,AZE,2020,,13.730665,2.4409125,,
Azerbaijan,AZE,2021,,24.094442,33.2053,,
Azerbaijan,AZE,2022,,55.453564,43.075916,,
Azerbaijan,AZE,2023,,344.1757,95.92438,,
Bahamas,BHS,2001,287.16418,,17.499306,59.636482,
Bahamas,BHS,2002,497.82028,,64.1048,102.46462,0.13899095
Bahamas,BHS,2003,155.43842,,13.016877,79.07898,0.62542635
Bahamas,BHS,2004,332.8025,,44.594677,133.96278,
Bahamas,BHS,2005,1016.7253,,40.146847,328.19492,
Bahamas,BHS,2006,638.3741,,37.2059,247.5487,0.4169446
Bahamas,BHS,2007,334.24133,,157.17496,60.840824,2.3629055
Bahamas,BHS,2008,1368.035,,45.20162,442.5774,0.76447386
Bahamas,BHS,2009,489.52997,,40.414772,215.53407,0.6949522
Bahamas,BHS,2010,187.0823,,20.722013,146.0901,0.62544435
Bahamas,BHS,2011,551.49054,,14.570609,28.339281,2.432351
Bahamas,BHS,2012,291.29132,,20.395891,44.367714,0.13897224
Bahamas,BHS,2013,1246.6609,,22.635338,227.65277,38.987366
Bahamas,BHS,2014,745.99927,,37.021233,71.968094,19.041853
Bahamas,BHS,2015,878.5865,,87.67855,93.65582,0.48645613
Bahamas,BHS,2016,2278.569,,643.1124,51.96628,0.20847537
Bahamas,BHS,2017,2674.58,,673.6982,257.43518,0.48648012
Bahamas,BHS,2018,672.021,,131.11597,61.27313,
Bahamas,BHS,2019,1236.3718,,62.679607,169.99168,0.3474646
Bahamas,BHS,2020,2267.9668,,101.339905,282.72302,0.41696328
Bahamas,BHS,2021,1362.3495,,52.126183,91.12491,
Bahamas,BHS,2022,451.77133,,72.24078,54.60975,
Bahamas,BHS,2023,1076.6898,,75.11692,95.53228,0.20841177
Bangladesh,BGD,2001,63.068806,3313.9172,1026.3259,,49.901463
Bangladesh,BGD,2002,65.656586,2564.1956,1120.8636,,65.32583
Bangladesh,BGD,2003,44.632366,1567.3458,479.72156,,25.901217
Bangladesh,BGD,2004,47.139202,3304.8271,734.48193,,81.3234
Bangladesh,BGD,2005,121.12424,2591.1047,478.33624,,27.557617
Bangladesh,BGD,2006,78.36527,4748.5757,1814.2634,,97.21634
Bangladesh,BGD,2007,5.880939,3096.968,683.7554,,68.005745
Bangladesh,BGD,2008,46.56623,3584.207,675.48145,,50.37578
Bangladesh,BGD,2009,78.50665,4733.203,641.55804,,104.704155
Bangladesh,BGD,2010,34.940662,3868.7278,512.058,,80.87182
Bangladesh,BGD,2011,80.28781,3286.4329,530.8013,,85.526054
Bangladesh,BGD,2012,98.7999,4631.36,482.15067,,73.0307
Bangladesh,BGD,2013,219.48036,5299.442,461.88824,,35.765427
Bangladesh,BGD,2014,434.5528,10550.995,1028.6593,,39.34771
Bangladesh,BGD,2015,576.78906,11294.268,674.832,,53.957516
Bangladesh,BGD,2016,802.2236,18893.316,1375.0559,,116.882866
Bangladesh,BGD,2017,868.73785,24034.486,3336.209,,118.041954
Bangladesh,BGD,2018,594.7782,16614.822,2059.4165,,59.352097
Bangladesh,BGD,2019,791.01117,18801.42,2418.9421,,59.788242
Bangladesh,BGD,2020,666.3283,18261.775,2400.9,,116.737564
Bangladesh,BGD,2021,525.3462,14723.904,2186.6274,,134.33229
Bangladesh,BGD,2022,443.7755,11544.802,1682.3274,,118.475
Bangladesh,BGD,2023,516.4035,14655.701,2438.833,,156.29994
Barbados,BRB,2001,,,5.6210976,,5.247449
Barbados,BRB,2002,,,6.74495,,3.0734975
Barbados,BRB,2003,,,1.0491787,,0.74979764
Barbados,BRB,2004,,,7.6448984,,0.5247801
Barbados,BRB,2005,,,6.5201106,,1.9490372
Barbados,BRB,2006,,,2.922958,,1.0494908
Barbados,BRB,2007,,,23.383415,,4.573163
Barbados,BRB,2008,,,9.218966,,3.523633
Barbados,BRB,2009,,,7.419587,,2.0990567
Barbados,BRB,2010,,,11.016494,,3.1486619
Barbados,BRB,2011,,,15.064046,,1.3494127
Barbados,BRB,2012,,,100.65517,,6.89729
Barbados,BRB,2013,,,4.347036,,0.82470554
Barbados,BRB,2014,,,1.7987955,,0.14993605
Barbados,BRB,2015,,,1.9487004,,
Barbados,BRB,2016,,,8.467842,,3.7488525
Barbados,BRB,2017,,,15.589303,,
Barbados,BRB,2018,,,22.484386,,
Barbados,BRB,2019,,,53.58843,,0.0749617
Barbados,BRB,2020,,,22.109709,,
Barbados,BRB,2021,,,15.064673,,2.1741192
Barbados,BRB,2022,,,5.171361,,0.07496259
Barbados,BRB,2023,,,5.920855,,0
Belarus,BLR,2001,,17988.697,0.7543709,333.02338,8.814121
Belarus,BLR,2002,,24927.787,2.99805,406.26785,21.293709
Belarus,BLR,2003,,29996.725,0.66954964,2057.6057,25.128998
Belarus,BLR,2004,,37548.957,4.570007,958.92676,37.846905
Belarus,BLR,2005,,35415.742,12.3748865,662.3033,35.629883
Belarus,BLR,2006,,41651.29,2.6626866,519.06696,45.95274
Belarus,BLR,2007,,32233.166,4.3043556,343.18707,46.517624
Belarus,BLR,2008,,35466.863,3.0616581,377.3653,15.972441
Belarus,BLR,2009,,34201.297,9.017505,1279.6063,16.303467
Belarus,BLR,2010,,35226.91,2.5752532,413.96286,45.1634
Belarus,BLR,2011,,44653.332,10.308191,598.08075,22.4058
Belarus,BLR,2012,,38200.605,1.2057561,1323.2454,24.189837
Belarus,BLR,2013,,27668.047,0.31051615,346.75327,47.92348
Belarus,BLR,2014,,33143.066,1.2013754,439.35355,26.522158
Belarus,BLR,2015,,32807.28,5.641256,984.22565,64.11746
Belarus,BLR,2016,,85681.66,8.085277,4636.0093,75.18826
Belarus,BLR,2017,,76878.97,6.3485446,1720.2535,86.53238
Belarus,BLR,2018,,86146.836,0.5770937,1178.8984,54.993805
Belarus,BLR,2019,,72630.195,0.7544005,2310.8088,50.033653
Belarus,BLR,2020,,67995.84,,826.6184,38.939007
Belarus,BLR,2021,,62800.293,0.4880326,594.9665,24.286705
Belarus,BLR,2022,,64474.44,5.510925,446.0079,27.698729
Belarus,BLR,2023,,58870.027,1.021778,334.5626,21.556564
Belgium,BEL,2001,,842.04517,26.80865,38.332108,38.318455
Belgium,BEL,2002,,2143.1714,46.635452,91.60999,52.022133
Belgium,BEL,2003,,1845.6351,8.586618,16.986757,13.88689
Belgium,BEL,2004,,4712.586,13.250436,19.914043,43.874893
Belgium,BEL,2005,,2874.322,27.781094,42.878407,72.15438
Belgium,BEL,2006,,6759.8975,28.035774,45.286655,73.503174
Belgium,BEL,2007,,5862.2095,25.751137,35.981316,50.87793
Belgium,BEL,2008,,7002.928,48.61957,79.25366,72.85013
Belgium,BEL,2009,,5013.304,29.406729,46.81158,76.27756
Belgium,BEL,2010,,10510.683,63.18915,140.66751,154.878
Belgium,BEL,2011,,4866.2065,30.38695,55.570625,50.73032
Belgium,BEL,2012,,5544.113,18.010725,33.608616,31.67369
Belgium,BEL,2013,,3293.6807,2.6345236,6.1913395,10.730889
Belgium,BEL,2014,,4159.195,20.66124,30.897654,24.11891
Belgium,BEL,2015,,3298.952,27.64722,49.148422,36.198303
Belgium,BEL,2016,,4352.5996,53.170525,62.61669,40.43471
Belgium,BEL,2017,,3976.0654,39.849472,46.059967,66.04943
Belgium,BEL,2018,,4473.6084,46.937786,56.37057,48.38319
Belgium,BEL,2019,,5188.4,84.71978,137.74646,150.08215
Belgium,BEL,2020,,5091.668,66.37246,102.24922,132.9394
Belgium,BEL,2021,,8747.88,71.45425,124.03783,162.81503
Belgium,BEL,2022,,4646.906,41.4795,52.62745,77.20445
Belgium,BEL,2023,,7332.832,64.56996,63.457527,111.35713
Belize,BLZ,2001,512.4045,48.203297,7638.1846,0.21976371,
Belize,BLZ,2002,1398.8589,132.38533,11897.4,0.58720815,
Belize,BLZ,2003,232.78755,83.381294,6500.171,1.9076021,
Belize,BLZ,2004,395.40146,56.812897,3850.7048,0.07316796,
Belize,BLZ,2005,673.78625,114.28766,7299.7124,1.0253918,
Belize,BLZ,2006,386.47922,40.549454,3835.1917,0.073403746,
Belize,BLZ,2007,518.5373,214.72653,11515.985,1.6836715,
Belize,BLZ,2008,437.16974,115.16965,7641.125,0.0734237,
Belize,BLZ,2009,732.2025,86.24108,9423.38,,
Belize,BLZ,2010,858.59784,112.36565,8775.164,1.6100217,
Belize,BLZ,2011,3247.7976,368.52124,22756.568,0.805605,
Belize,BLZ,2012,2084.1162,125.837036,9296.474,6.007154,
Belize,BLZ,2013,1509.5995,195.817,14644.736,8.780593,
Belize,BLZ,2014,3166.1257,122.45709,13131.95,14.746563,
Belize,BLZ,2015,1925.8866,113.985054,10193.373,6.656691,
Belize,BLZ,2016,4013.984,531.67017,15906.735,3.2197871,
Belize,BLZ,2017,1654.2325,220.83202,14405.418,23.744947,
Belize,BLZ,2018,1212.0829,80.94801,9731.428,127.75741,
Belize,BLZ,2019,3340.418,202.22453,14788.56,9.966421,
Belize,BLZ,2020,5885.698,849.451,19711.764,9.743017,
Belize,BLZ,2021,1352.7504,34.732906,7872.8496,4.095211,
Belize,BLZ,2022,1161.4565,70.57511,6932.207,1.2439473,
Belize,BLZ,2023,2337.6433,64.39112,20123.822,32.15034,
Benin,BEN,2001,,,3732.3271,0,7.64632
Benin,BEN,2002,,,3470.4146,0.9176394,6.1932955
Benin,BEN,2003,,,3473.5679,,0.15289518
Benin,BEN,2004,,,682.0021,0.22941095,1.3761022
Benin,BEN,2005,,,1588.8734,0,1.5289677
Benin,BEN,2006,,,1792.7411,,1.9878688
Benin,BEN,2007,,,4648.257,1.7587953,4.5873413
Benin,BEN,2008,,,477.27045,0.076467015,4.204821
Benin,BEN,2009,,,4925.0356,,3.0582707
Benin,BEN,2010,,,523.35114,1.2999669,4.5877166
Benin,BEN,2011,,,647.3275,0.7646814,6.5753326
Benin,BEN,2012,,,2848.4514,0.22940703,14.600737
Benin,BEN,2013,,,1307.793,0,2.5997708
Benin,BEN,2014,,,1351.802,0,0.8411438
Benin,BEN,2015,,,597.5563,,0.8411025
Benin,BEN,2016,,,2001.5239,,0.6880316
Benin,BEN,2017,,,2216.8223,0,4.893575
Benin,BEN,2018,,,1821.5449,,2.7526543
Benin,BEN,2019,,,766.2703,,8.487171
Benin,BEN,2020,,,1598.7764,,3.0577772
Benin,BEN,2021,,,1694.882,0,5.504703
Benin,BEN,2022,,,1667.9425,0,5.9648027
Benin,BEN,2023,,,2599.099,0,14.906871
Bhutan,BTN,2001,,261.55267,1.9275805,1.2278609,6.871073
Bhutan,BTN,2002,,172.02997,16.590849,0.8887822,9.073733
Bhutan,BTN,2003,,371.75,6.8502107,78.907684,15.855612
Bhutan,BTN,2004,,817.9057,16.768896,29.871403,29.760483
Bhutan,BTN,2005,,605.9883,8.992025,37.51044,29.240902
Bhutan,BTN,2006,,483.3985,13.364009,17.895945,17.676228
Bhutan,BTN,2007,,404.47406,7.8221197,34.7792,13.263141
Bhutan,BTN,2008,,675.64795,14.557389,23.331083,18.286572
Bhutan,BTN,2009,,970.3159,12.161434,54.60581,26.596033
Bhutan,BTN,2010,,3332.013,78.40289,467.51233,48.799305
Bhutan,BTN,2011,,923.39325,13.039523,19.817753,25.94326
Bhutan,BTN,2012,,678.4357,8.18935,13.890656,20.817003
Bhutan,BTN,2013,,453.1551,3.3659484,8.142945,4.0493617
Bhutan,BTN,2014,,1151.4944,3.0254538,24.501291,22.234688
Bhutan,BTN,2015,,628.57495,5.7011347,71.62004,18.926186
Bhutan,BTN,2016,,1575.3842,9.954867,249.89017,39.321625
Bhutan,BTN,2017,,1650.4122,21.261038,199.86487,22.64134
Bhutan,BTN,2018,,869.15173,259.04605,57.91704,27.616703
Bhutan,BTN,2019,,696.5984,29.995474,33.364857,20.96459
Bhutan,BTN,2020,,1078.7305,19.463902,67.68895,31.137636
Bhutan,BTN,2021,,1105.34,9.535165,52.936386,30.465197
Bhutan,BTN,2022,,1105.1069,10.766578,73.29163,18.682316
Bhutan,BTN,2023,,1674.4766,18.372196,66.8898,30.005732
Bolivia,BOL,2001,70001.74,700.64655,68127.38,506.86017,
Bolivia,BOL,2002,100312.27,1163.3175,76158.48,386.27386,
Bolivia,BOL,2003,81762.984,1420.237,79683.63,261.32455,
Bolivia,BOL,2004,120922.195,2392.705,77190.62,1881.6239,
Bolivia,BOL,2005,139841.73,2463.5264,106722.16,800.29926,
Bolivia,BOL,2006,142083.3,2138.8162,70947.27,375.71942,
Bolivia,BOL,2007,121893.234,819.98944,66046.49,401.8384,
Bolivia,BOL,2008,263247.22,2331.337,101895.69,1263.443,
Bolivia,BOL,2009,144254.69,710.3965,78928.29,655.5721,
Bolivia,BOL,2010,321345.97,1214.0519,124999.89,2825.8247,
Bolivia,BOL,2011,197336.7,1221.9656,129628.48,867.8023,
Bolivia,BOL,2012,160927.02,1710.5106,107970.36,918.2268,
Bolivia,BOL,2013,110440.13,902.4542,65898.37,1676.9122,
Bolivia,BOL,2014,160289.5,1192.8981,93356.96,721.2903,
Bolivia,BOL,2015,126174.89,423.4174,39005.273,250.51965,
Bolivia,BOL,2016,346434.84,1080.2798,113291.945,9045.574,
Bolivia,BOL,2017,357974.03,1102.384,102084.22,879.2077,
Bolivia,BOL,2018,243593.75,602.70654,55335.78,1658.4065,
Bolivia,BOL,2019,712714.1,767.1007,98828.02,38843.46,
Bolivia,BOL,2020,299985.2,462.5224,125347.59,3159.062,
Bolivia,BOL,2021,399880.88,581.4949,128240.96,28682.793,
Bolivia,BOL,2022,437906.88,1490.7065,153558.11,2058.158,
Bolivia,BOL,2023,578360.25,850.42377,115190.65,1853.2001,
Bonaire Sint Eustatius and Saba,BES,2001,0.4513334,,,,
Bonaire Sint Eustatius and Saba,BES,2002,1.1283684,,,,
Bonaire Sint Eustatius and Saba,BES,2004,0.15045993,,,,
Bonaire Sint Eustatius and Saba,BES,2005,0.22569427,,,,
Bonaire Sint Eustatius and Saba,BES,2008,0.07522011,,,,
Bonaire Sint Eustatius and Saba,BES,2012,0.827477,,,,
Bonaire Sint Eustatius and Saba,BES,2013,0.67702335,,,,
Bonaire Sint Eustatius and Saba,BES,2014,0.90271693,,,,
Bosnia and Herzegovina,BIH,2001,,1204.568,,246.10454,
Bosnia and Herzegovina,BIH,2002,,522.91547,,134.12663,
Bosnia and Herzegovina,BIH,2003,,265.50458,,20.96719,
Bosnia and Herzegovina,BIH,2004,,3118.6223,,840.0693,
Bosnia and Herzegovina,BIH,2005,,497.1591,,53.074425,
Bosnia and Herzegovina,BIH,2006,,465.59296,,49.175198,
Bosnia and Herzegovina,BIH,2007,,1669.8717,,955.65845,
Bosnia and Herzegovina,BIH,2008,,1153.891,,340.99063,
Bosnia and Herzegovina,BIH,2009,,843.98303,,409.58994,
Bosnia and Herzegovina,BIH,2010,,792.68854,,80.080185,
Bosnia and Herzegovina,BIH,2011,,814.0988,,129.14258,
Bosnia and Herzegovina,BIH,2012,,1881.113,,478.92273,
Bosnia and Herzegovina,BIH,2013,,1872.5833,,657.78796,
Bosnia and Herzegovina,BIH,2014,,1470.9614,,267.04895,
Bosnia and Herzegovina,BIH,2015,,518.28064,,34.592655,
Bosnia and Herzegovina,BIH,2016,,2004.2622,,195.99016,
Bosnia and Herzegovina,BIH,2017,,1118.2456,,182.11816,
Bosnia and Herzegovina,BIH,2018,,2248.4714,,343.72336,
Bosnia and Herzegovina,BIH,2019,,1098.0559,,90.08274,
Bosnia and Herzegovina,BIH,2020,,1497.3794,,312.51096,
Bosnia and Herzegovina,BIH,2021,,950.9475,,47.857674,
Bosnia and Herzegovina,BIH,2022,,1781.269,,222.12538,
Bosnia and Herzegovina,BIH,2023,,3810.9182,,112.99226,
Botswana,BWA,2001,,5.6417093,5.988123,3.2650933,
Botswana,BWA,2002,,0.7328,8.360177,2.0356038,
Botswana,BWA,2003,,0.43944857,2.4874337,0.07182746,
Botswana,BWA,2004,,0.073251106,3.77502,1.8152187,
Botswana,BWA,2005,,0.6594923,9.895317,1.300172,
Botswana,BWA,2006,,0.07328815,6.043473,2.6169634,
Botswana,BWA,2007,,0.5862034,3.4253037,2.8236563,
Botswana,BWA,2008,,0.5860548,0.8748025,,
Botswana,BWA,2009,,2.1242807,5.169012,1.6594664,
Botswana,BWA,2010,,3.297428,10.109309,0.07179479,
Botswana,BWA,2011,,2.7836924,1.4483255,0.43038023,
Botswana,BWA,2012,,0.14650424,2.8540435,0.14311443,
Botswana,BWA,2016,,0,0.07274246,,
Botswana,BWA,2013,,,6.114953,1.23649,
Botswana,BWA,2014,,,3.4272432,0.21822989,
Botswana,BWA,2015,,,0,,
Botswana,BWA,2017,,,0.2913573,0,
Botswana,BWA,2018,,,1.3126153,,
Botswana,BWA,2020,,,0.29235062,,
Botswana,BWA,2021,,,0,0,
Botswana,BWA,2022,,,0.29180348,0,
Botswana,BWA,2023,,,0.65459305,0.4367344,
Brazil,BRA,2001,1727055.6,314953.88,691382,4976.4175,2121.374
Brazil,BRA,2002,2385285,351780.25,758474.44,4690.1045,2543.681
Brazil,BRA,2003,2278349,326411.4,631047.56,6145.617,2089.267
Brazil,BRA,2004,2777824.5,343788.62,711422.06,8532.036,2030.123
Brazil,BRA,2005,2370222.8,337950.8,764146.1,7476.3267,1799.758
Brazil,BRA,2006,1803780,333751.66,727084.56,5743.3403,1851.8219
Brazil,BRA,2007,1648482.2,311186.03,647062.94,6653.1597,3254.0542
Brazil,BRA,2008,1430830.8,302445.8,696696.1,6447.767,2786.9546
Brazil,BRA,2009,1027686.4,253302.73,526280.1,3260.6055,2422.2751
Brazil,BRA,2010,1574538.1,330322.25,769123.6,5280.1753,2959.4417
Brazil,BRA,2011,1167393.9,272164.34,473133.28,2583.7507,1862.582
Brazil,BRA,2012,1703703.1,413454.84,774268.56,5798.6885,3136.1514
Brazil,BRA,2013,1007567.8,253365.92,672072.06,2968.809,2355.1924
Brazil,BRA,2014,1485294,340141.66,852689.6,3489.3135,3081.2905
Brazil,BRA,2015,1336874.2,224686.05,652264.7,3001.6047,1951.5916
Brazil,BRA,2016,3061130.8,378658.84,1895222.8,28255.691,3082.3154
Brazil,BRA,2017,2719451.8,448492,1328853.2,7479.5513,3611.9397
Brazil,BRA,2018,1706011.1,287517.84,939083.9,7882.9404,2002.3162
Brazil,BRA,2019,1678910.8,248297.66,755432.5,4490.345,1835.9755
Brazil,BRA,2020,2178216.2,245152.31,844938.56,12457.648,1461.3643
Brazil,BRA,2021,1948438.9,256445.64,770655.8,7238.825,1567.1632
Brazil,BRA,2022,2157962.5,235053.44,899444.3,6107.216,1669.5007
Brazil,BRA,2023,1629100.5,213693.89,954496.2,5816.173,1577.4012
British Virgin Islands,VGB,2001,,,3.800245,,
British Virgin Islands,VGB,2002,,,2.9233375,,
British Virgin Islands,VGB,2003,,,0.5846728,,
British Virgin Islands,VGB,2004,,,2.5579004,,
British Virgin Islands,VGB,2005,,,3.5081756,,
British Virgin Islands,VGB,2006,,,2.1194556,,
British Virgin Islands,VGB,2007,,,5.261977,,
British Virgin Islands,VGB,2008,,,4.8964615,,
British Virgin Islands,VGB,2009,,,5.1886635,,
British Virgin Islands,VGB,2010,,,2.9964662,,
British Virgin Islands,VGB,2011,,,13.739536,,
British Virgin Islands,VGB,2012,,,0.73083365,,
British Virgin Islands,VGB,2013,,,2.2656405,,
British Virgin Islands,VGB,2014,,,0.21924867,,
British Virgin Islands,VGB,2016,,,2.7771268,,
British Virgin Islands,VGB,2017,,,118.17327,,
British Virgin Islands,VGB,2018,,,5.7740026,,
British Virgin Islands,VGB,2019,,,0.8769921,,
British Virgin Islands,VGB,2020,,,0.07308887,,
British Virgin Islands,VGB,2021,,,4.092814,,
British Virgin Islands,VGB,2022,,,2.0463164,,
British Virgin Islands,VGB,2023,,,2.1924195,,
Brunei,BRN,2001,83.26919,1138.9497,21.160892,,
Brunei,BRN,2002,25.003662,1056.1737,5.1371307,,
Brunei,BRN,2003,63.34322,714.5164,19.706038,,
Brunei,BRN,2004,46.92658,1108.572,38.263912,,
Brunei,BRN,2005,56.659607,1135.1609,82.357315,,
Brunei,BRN,2006,58.34612,936.22815,17.176014,,
Brunei,BRN,2007,29.134153,1420.1372,109.42557,,
Brunei,BRN,2008,47.68829,1222.7415,26.990686,,
Brunei,BRN,2009,47.765873,2075.7039,41.249214,,
Brunei,BRN,2010,29.139553,906.48865,27.446396,,
Brunei,BRN,2011,56.744026,2525.5098,27.44746,,
Brunei,BRN,2012,80.892784,1725.445,22.390915,,
Brunei,BRN,2013,7.97413,868.1612,9.429322,,
Brunei,BRN,2014,60.731846,2132.9868,18.7132,,
Brunei,BRN,2015,38.10699,1673.6343,21.391947,,
Brunei,BRN,2016,109.4955,2426.1294,29.367285,,
Brunei,BRN,2017,96.32623,822.0767,22.165972,,
Brunei,BRN,2018,32.741642,762.4662,6.2867546,,
Brunei,BRN,2019,33.047855,1119.4613,11.653326,,
Brunei,BRN,2020,19.397766,1131.3112,14.644993,,
Brunei,BRN,2021,53.35791,880.3279,11.347727,,
Brunei,BRN,2022,27.525335,868.82635,4.370201,,
Brunei,BRN,2023,19.166342,887.1617,7.5131974,,
Bulgaria,BGR,2001,,6599.1704,14.365973,1352.4596,0.62505144
Bulgaria,BGR,2002,,3964.4917,1.1961693,588.4688,0.056425422
Bulgaria,BGR,2003,,4763.393,11.391588,300.2202,11.950485
Bulgaria,BGR,2004,,7374.606,44.569756,570.97736,0.11270939
Bulgaria,BGR,2005,,5909.414,43.25586,484.32135,0.9685348
Bulgaria,BGR,2006,,4652.161,9.55854,361.0292,1.1852883
Bulgaria,BGR,2007,,8569.691,9.505747,807.7328,0.056414478
Bulgaria,BGR,2008,,5420.959,14.41799,910.11115,0.8481257
Bulgaria,BGR,2009,,5563.022,37.841568,383.93585,0.6223469
Bulgaria,BGR,2010,,3270.801,1.8792045,241.31375,0.17119762
Bulgaria,BGR,2011,,2962.2537,4.331722,308.37216,0.39499003
Bulgaria,BGR,2012,,9279.968,3.306791,551.46857,0.5106288
Bulgaria,BGR,2013,,3485.979,3.2488382,145.98969,0.39476836
Bulgaria,BGR,2014,,6161.812,9.566685,382.34616,0.801313
Bulgaria,BGR,2015,,7010.451,1.593677,200.47473,0.39478365
Bulgaria,BGR,2016,,7088.768,3.5947704,234.83992,1.7789946
Bulgaria,BGR,2017,,7025.899,5.7533813,478.34467,0.67678165
Bulgaria,BGR,2018,,9188.371,9.400398,435.89896,1.0785913
Bulgaria,BGR,2019,,3910.9824,3.0739372,145.01955,0.45125377
Bulgaria,BGR,2020,,4405.0376,2.6774087,292.64563,0.78948176
Bulgaria,BGR,2021,,4996.7383,4.6713514,1532.1062,6.0893774
Bulgaria,BGR,2022,,3941.3618,4.0449986,73.130745,5.54498
Bulgaria,BGR,2023,,5565.068,6.039016,49.283775,3.7644305
Burkina Faso,BFA,2001,0.22658783,0,33.004276,15.7641735,
Burkina Faso,BFA,2005,0,,4.078079,7.3193727,
Burkina Faso,BFA,2006,0,,1.8133032,0.83061653,
Burkina Faso,BFA,2008,0,0,2.645198,1.5840656,0
Burkina Faso,BFA,2012,0,,0.3022887,0,
Burkina Faso,BFA,2013,0,,0.22648428,0,
Burkina Faso,BFA,2014,0,,0,0,
Burkina Faso,BFA,2015,0,,0,0,
Burkina Faso,BFA,2017,0,,0,0,
Burkina Faso,BFA,2021,0,,0,0,0
Burkina Faso,BFA,2022,0,,0,0,
Burkina Faso,BFA,2023,0,,0,0,0
Burkina Faso,BFA,2002,,,2.0394492,1.3580014,
Burkina Faso,BFA,2003,,,0,,
Burkina Faso,BFA,2004,,,1.2847947,1.4327316,
Burkina Faso,BFA,2007,,,1.5100619,1.131689,
Burkina Faso,BFA,2009,,,3.174298,0.52790886,
Burkina Faso,BFA,2010,,,6.8818555,0.07540554,
Burkina Faso,BFA,2011,,,7.7772765,5.0526567,
Burkina Faso,BFA,2016,,,0,0,
Burkina Faso,BFA,2018,,,0,0,
Burkina Faso,BFA,2019,,,0,0,
Burkina Faso,BFA,2020,,,0,0,
Burundi,BDI,2001,,0.38378486,1391.2855,,11.596615
Burundi,BDI,2002,,0.07675601,976.10657,,4.0703206
Burundi,BDI,2003,,0.30702564,1277.6436,,39.628403
Burundi,BDI,2004,,0.23027606,606.8126,,3.455946
Burundi,BDI,2005,,0.3070304,964.1831,,13.900533
Burundi,BDI,2006,,0.15351671,341.49402,,0.9215847
Burundi,BDI,2007,,0.46054983,1823.3643,,33.023617
Burundi,BDI,2008,,0.15351585,1976.2509,,12.90209
Burundi,BDI,2009,,0.6908306,871.5646,,6.22065
Burundi,BDI,2010,,2.8400028,1865.9575,,30.335676
Burundi,BDI,2011,,0.0767589,939.46747,,16.818918
Burundi,BDI,2012,,3.3773103,856.6493,,4.454311
Burundi,BDI,2013,,0.9978552,1381.686,,18.661835
Burundi,BDI,2014,,106.76632,1920.5065,,17.04909
Burundi,BDI,2015,,0.23027693,1453.8473,,2.8415496
Burundi,BDI,2016,,0.15351458,1562.9731,,12.05718
Burundi,BDI,2019,,0.15351692,2375.8853,,9.753296
Burundi,BDI,2022,,0.07675719,1600.5208,,6.7581778
Burundi,BDI,2023,,3.7611177,1939.2075,,8.9853
Burundi,BDI,2017,,,1767.2821,,6.297351
Burundi,BDI,2018,,,2846.0068,,27.493279
Burundi,BDI,2020,,,1846.8677,,8.447906
Burundi,BDI,2021,,,2265.1868,,5.0686083
Cambodia,KHM,2001,11483.663,8498.586,8181.971,,45.93007
Cambodia,KHM,2002,26283.322,10668.932,17808.12,,19.752787
Cambodia,KHM,2003,25145.21,11434.258,20125.057,,26.393444
Cambodia,KHM,2004,37502.02,17377.012,24239.066,,23.755941
Cambodia,KHM,2005,28437,18302.342,17747.447,,16.814615
Cambodia,KHM,2006,38865.74,21279.809,20099.402,,84.97643
Cambodia,KHM,2007,35769.04,22905.281,18819.33,,41.47152
Cambodia,KHM,2008,41182.074,22596.445,19583.883,,35.286736
Cambodia,KHM,2009,61145.26,24896.867,34762.4,,59.33083
Cambodia,KHM,2010,129302.83,40955.523,67348,,52.7017
Cambodia,KHM,2011,120024.39,41237.516,30670.992,,107.81617
Cambodia,KHM,2012,129704.19,33606.586,31937.691,,48.106316
Cambodia,KHM,2013,136628.06,31431.229,21971.639,,25.492115
Cambodia,KHM,2014,109043.88,24964.643,27673.262,,23.150646
Cambodia,KHM,2015,87202.96,21103.658,24271.586,,70.57727
Cambodia,KHM,2016,119304.414,33136.133,29804.031,,21.329182
Cambodia,KHM,2017,72635.78,23847.846,21683.57,,10.63291
Cambodia,KHM,2018,67585.34,21795.81,23787.512,,1.5828645
Cambodia,KHM,2019,82937.32,31291.602,28973.758,,3.7720394
Cambodia,KHM,2020,85509.625,26782.344,31077.875,,6.2626157
Cambodia,KHM,2021,87603.08,25948.396,30643.393,,7.0897064
Cambodia,KHM,2022,64593.508,17552.678,21615.52,,69.5021
Cambodia,KHM,2023,78275.83,18869.717,23667.574,,8.220864
Cameroon,CMR,2001,92.471275,1190.9579,36794.27,0.15201141,706.74774
Cameroon,CMR,2002,8.825298,222.27887,28244.467,1.6720026,70.15513
Cameroon,CMR,2003,0.15350135,698.02203,23754.535,0.83586234,667.538
Cameroon,CMR,2004,114.82485,93.733345,22247.646,0.45555758,248.0916
Cameroon,CMR,2005,41.289135,349.9493,24037.223,0.30390376,494.37436
Cameroon,CMR,2006,53.56773,462.0196,34491.195,0.7587007,699.4602
Cameroon,CMR,2007,187.36128,1291.7804,43458.035,0.45412722,598.93085
Cameroon,CMR,2008,61.94176,561.9518,33032.625,0,1248.4585
Cameroon,CMR,2009,103.00563,416.23312,34522.582,1.0631901,302.25696
Cameroon,CMR,2010,283.84094,1396.5823,53879.832,1.8997172,1852.1152
Cameroon,CMR,2011,206.77715,743.3442,25417.762,1.9739568,1051.313
Cameroon,CMR,2012,152.43587,806.65155,48572.953,0.3039301,1391.0558
Cameroon,CMR,2013,227.27763,739.5724,80764.375,,1880.6149
Cameroon,CMR,2014,148.36954,887.6405,175736.78,0,3905.9973
Cameroon,CMR,2015,73.30646,408.23523,76540.78,,1653.3755
Cameroon,CMR,2016,312.0528,467.41516,113547.04,,1834.3075
Cameroon,CMR,2017,531.67303,1233.4744,181269.4,,3618.4058
Cameroon,CMR,2018,247.62662,1010.06116,116700.336,,2555.904
Cameroon,CMR,2019,164.78958,610.6348,118674.19,,2076.3354
Cameroon,CMR,2020,123.2712,652.8674,198596.95,,3034.8237
Cameroon,CMR,2021,286.29843,1144.0659,165140.81,0,1873.9292
Cameroon,CMR,2022,180.29715,576.00696,144054.06,0,2676.9883
Cameroon,CMR,2023,402.8334,1007.86835,200739.56,0,1992.1115
Canada,CAN,2001,4408.383,809582.1,621.4694,526395.5,4467.558
Canada,CAN,2002,4491.043,976326.7,1003.76953,1312867.6,6924.9634
Canada,CAN,2003,3434.1003,729748.06,411.92966,860868.8,6005.4883
Canada,CAN,2004,4541.2725,1200812.2,925.264,1478737.8,8404.9795
Canada,CAN,2005,4669.553,1210434.9,627.4575,1689039.8,6504.033
Canada,CAN,2006,4877.6406,1062890.1,849.38446,1316354.2,8920.323
Canada,CAN,2007,2612.31,1051447.6,811.5727,1045471.7,6655.47
Canada,CAN,2008,3460.788,794153.7,512.9316,1132675.8,5660.4883
Canada,CAN,2009,3527.6548,728850.44,389.64578,801925.2,5464.879
Canada,CAN,2010,3278.7896,811289.9,860.17706,1271927.2,5026.475
Canada,CAN,2011,2691.244,781815.44,454.12952,1360956.4,3811.0938
Canada,CAN,2012,7805.4224,966775.9,1152.2194,1546713.4,5869.329
Canada,CAN,2013,3626.2744,749864.75,722.96564,2035769.1,3477.795
Canada,CAN,2014,4630.051,865580.44,1195.3031,1757114.4,5781.6523
Canada,CAN,2015,3036.2524,1013185.7,704.32855,1707938.9,3642.0256
Canada,CAN,2016,5464.3574,1051766,1248.456,1012587,6616.125
Canada,CAN,2017,5604.7256,1319507.9,643.96686,1220993.1,6984.1133
Canada,CAN,2018,5307.592,1088350.9,1019.99115,1036009,6530.269
Canada,CAN,2019,5946.109,1174422,1270.4335,981005.7,5526.9136
Canada,CAN,2020,7209.7397,799858.7,868.65424,373065.75,5583.1177
Canada,CAN,2021,9296.947,1169657.2,1306.2307,1329349.5,8006.9414
Canada,CAN,2022,5040.8774,987404.3,1269.65,1291112.2,9186.039
Canada,CAN,2023,4380,1995561.6,19598.494,6543769,6421.0854
Cayman Islands,CYM,2001,19.375065,,,,
Cayman Islands,CYM,2002,5.0168133,,,,
Cayman Islands,CYM,2003,6.3247976,,,,
Cayman Islands,CYM,2004,46.376274,,,,
Cayman Islands,CYM,2005,8.65171,,,,
Cayman Islands,CYM,2006,17.95942,,,,
Cayman Islands,CYM,2007,15.8323765,,,,
Cayman Islands,CYM,2008,31.692066,,,,
Cayman Islands,CYM,2009,29.519905,,,,
Cayman Islands,CYM,2010,37.90535,,,,
Cayman Islands,CYM,2011,38.248436,,,,
Cayman Islands,CYM,2012,9.009632,,,,
Cayman Islands,CYM,2013,17.887457,,,,
Cayman Islands,CYM,2014,7.4873443,,,,
Cayman Islands,CYM,2015,0.0725171,,,,
Cayman Islands,CYM,2016,70.0605,,,,
Cayman Islands,CYM,2017,73.62158,,,,
Cayman Islands,CYM,2018,42.38854,,,,
Cayman Islands,CYM,2019,10.252484,,,,
Cayman Islands,CYM,2020,8.577707,,,,
Cayman Islands,CYM,2021,10.105221,,,,
Cayman Islands,CYM,2022,24.79381,,,,
Cayman Islands,CYM,2023,24.48171,,,,
Central African Republic,CAF,2001,37.031796,214.83241,28719.404,0,
Central African Republic,CAF,2002,75.59628,67.20128,31375.123,,
Central African Republic,CAF,2003,117.38306,20.866272,12491.782,,
Central African Republic,CAF,2004,33.428158,101.25382,13667.967,,
Central African Republic,CAF,2005,38.10512,181.00067,27967.664,,
Central African Republic,CAF,2006,49.452778,110.40907,56069.67,,
Central African Republic,CAF,2007,29.59453,537.10187,35489.254,0,
Central African Republic,CAF,2008,43.08852,22.864237,31008.541,,
Central African Republic,CAF,2009,46.23151,368.5235,45727.824,,
Central African Republic,CAF,2010,80.35022,184.77422,47086.26,,
Central African Republic,CAF,2011,56.35332,83.95024,46962.785,,
Central African Republic,CAF,2012,69.923676,138.71655,54686.38,,
Central African Republic,CAF,2013,127.50282,95.76851,41979.992,,
Central African Republic,CAF,2014,178.94908,148.24664,55833.78,0,
Central African Republic,CAF,2015,84.41386,69.36731,26876.6,0,
Central African Republic,CAF,2016,86.17762,168.50189,50402.65,,
Central African Republic,CAF,2017,168.36806,113.40436,62551.402,,
Central African Republic,CAF,2018,45.005352,63.917942,40541.652,,
Central African Republic,CAF,2019,75.36689,149.23035,48430.85,,
Central African Republic,CAF,2020,102.58532,112.408005,54419.76,,
Central African Republic,CAF,2021,85.716866,120.97613,65984.88,,
Central African Republic,CAF,2022,71.22697,158.12332,50211.977,0,
Central African Republic,CAF,2023,105.49817,179.51947,54065.797,0,
Chad,TCD,2001,,0,873.2246,5.463436,
Chad,TCD,2023,,0,11066.744,0,
Chad,TCD,2002,,,1918.2898,6.5867076,
Chad,TCD,2003,,,159.44403,27.374973,
Chad,TCD,2004,,,443.06415,1.8099873,
Chad,TCD,2005,,,465.65656,3.7628174,
Chad,TCD,2006,,,2971.8486,5.0458,
Chad,TCD,2007,,,996.239,1.5855566,
Chad,TCD,2008,,,3395.81,1.7441256,
Chad,TCD,2009,,,1045.153,0.22724642,
Chad,TCD,2010,,,251.17273,0.3780266,
Chad,TCD,2011,,,917.9547,0.6787729,
Chad,TCD,2012,,,2478.2566,2.9595716,
Chad,TCD,2013,,,2893.9514,0,
Chad,TCD,2014,,,2998.6855,0,
Chad,TCD,2015,,,2591.3684,0,
Chad,TCD,2016,,,3164.514,0,
Chad,TCD,2017,,,6763.1553,0,
Chad,TCD,2018,,,6930.4863,,
Chad,TCD,2019,,,5054.3496,0,
Chad,TCD,2020,,,3430.896,,
Chad,TCD,2021,,,5094.614,0,
Chad,TCD,2022,,,5444.7124,0,
Chile,CHL,2001,1794.6876,66835.016,3181.177,223.46992,16.168667
Chile,CHL,2002,4417.631,69713.734,2043.3271,996.7296,123.18474
Chile,CHL,2003,2223.0046,76239.65,2734.541,263.15826,122.99599
Chile,CHL,2004,2658.5032,78828.47,2593.1914,200.54,88.97387
Chile,CHL,2005,2447.9773,98022.766,4351.851,519.6577,116.67485
Chile,CHL,2006,2802.426,85917.375,1912.2502,222.15863,114.40852
Chile,CHL,2007,4279.4224,111082.58,4259.574,268.45572,100.38231
Chile,CHL,2008,12430.595,102962.68,5258.79,751.3512,122.233406
Chile,CHL,2009,5927.8916,79441.86,1799.8892,327.14288,159.25003
Chile,CHL,2010,5152.9766,81908.57,2568.4194,562.9589,122.61109
Chile,CHL,2011,6873.9683,88002.266,2661.216,357.5379,77.33776
Chile,CHL,2012,40577.02,127382.7,3845.883,379.69705,271.9221
Chile,CHL,2013,2618.7156,95025.12,3018.8323,322.55743,153.809
Chile,CHL,2014,3455.7498,108615.164,5471.597,729.153,206.09845
Chile,CHL,2015,4574.169,97073.086,3408.6936,670.25183,91.191666
Chile,CHL,2016,4350.243,105053.586,3488.6487,670.086,74.09011
Chile,CHL,2017,8996.833,196833.62,6254.4087,1545.1082,823.6599
Chile,CHL,2018,1531.2372,72704.22,2080.082,228.76419,88.62607
Chile,CHL,2019,3308.3176,71997.88,2777.4827,316.41782,45.848095
Chile,CHL,2020,3390.2258,63133.312,2758.747,834.8818,58.75254
Chile,CHL,2021,1080.9227,64650.88,4891.114,489.91614,55.868652
Chile,CHL,2022,1458.7876,62109.797,3265.5435,617.97034,102.82919
Chile,CHL,2023,1556.274,101625.875,3044.3037,880.6658,126.54319
China,CHN,2001,131.87874,188212.33,823.4999,32614.889,1099.4413
China,CHN,2002,39.068985,210108.97,1202.3387,30230.703,1233.661
China,CHN,2003,366.63974,186957.81,925.9517,68719.87,927.33685
China,CHN,2004,252.16542,394846.44,1322.2778,96389.49,2196.0818
China,CHN,2005,299.22687,335931.72,1233.3147,39472.66,1711.709
China,CHN,2006,450.86472,460428.56,2044.7043,103600.02,2505.664
China,CHN,2007,405.05386,600354.1,2799.9065,39462.668,3318.9075
China,CHN,2008,504.3631,682823.6,2293.569,42893.05,3260.342
China,CHN,2009,732.10144,553008.44,2598.4326,34714.613,3084.1108
China,CHN,2010,337.0678,571005,3141.5098,43945.34,3499.969
China,CHN,2011,217.40968,567204.25,1940.1119,21297.568,3655.2383
China,CHN,2012,296.97552,571351,3283.1658,19815.006,3532.3237
China,CHN,2013,450.6602,426522.38,1536.9193,6618.3076,2246.9707
China,CHN,2014,489.51917,516277.03,1869.4652,8238.855,2752.7603
China,CHN,2015,232.10078,481669.56,1993.6808,3308.9106,2426.2327
China,CHN,2016,706.13403,700461.2,2298.1633,9057.215,4120.084
China,CHN,2017,525.8787,623352.44,1967.6144,11598.901,4655.7925
China,CHN,2018,509.23553,550000.56,1710.2904,11849.689,3694.748
China,CHN,2019,583.58417,477393.72,1995.7495,10877.423,3252.9495
China,CHN,2020,452.52032,402332.56,1669.6967,11158.094,3884.7678
China,CHN,2021,322.14612,520281.94,1727.3402,7698.6465,3139.3887
China,CHN,2022,422.02344,601519.8,2054.6992,2220.2026,3553.5295
China,CHN,2023,422.70367,591618.8,2774.795,2035.7002,5514.3896
Colombia,COL,2001,34021.004,5026.142,187442.62,861.5537,999.32227
Colombia,COL,2002,39171.312,3923.2837,136396.72,828.1537,659.8162
Colombia,COL,2003,18027.783,3529.1108,99128.65,576.2142,252.52914
Colombia,COL,2004,52858.875,6071.8115,191683.97,784.3193,754.22736
Colombia,COL,2005,36911.31,4886.386,144361.67,603.3871,745.3058
Colombia,COL,2006,36361.5,6437.632,144018.1,961.88214,992.5916
Colombia,COL,2007,72294.84,6469.195,187061.64,987.4113,879.2064
Colombia,COL,2008,59978.21,6333.091,162261.58,995.0675,903.8738
Colombia,COL,2009,38687.652,7225.3486,188139.52,1332.3215,1106.9515
Colombia,COL,2010,37280.152,3952.9976,152833.78,488.42065,558.0506
Colombia,COL,2011,49832.656,5118.998,132026.92,711.0366,664.8079
Colombia,COL,2012,37465.48,5956.598,179372.75,1103.9625,720.3151
Colombia,COL,2013,36764.754,3741.0972,95859.33,721.51666,339.95438
Colombia,COL,2014,53562.36,5784.159,139705.44,1101.2483,517.87836
Colombia,COL,2015,32105.17,3592.2705,103294.98,775.927,416.85513
Colombia,COL,2016,55614.5,5224.8203,225925.78,2002.1932,595.1119
Colombia,COL,2017,108225.94,6902.1685,305366.2,2086.136,725.54553
Colombia,COL,2018,121098.74,4917.1274,222597.97,2104.729,608.7992
Colombia,COL,2019,64604.184,4643.273,195303.05,2284.2307,317.20905
Colombia,COL,2020,96702.22,4518.809,217582.06,2950.134,244.83745
Colombia,COL,2021,74489.94,4041.5034,182263.78,2682.0115,326.58337
Colombia,COL,2022,73071.07,3712.875,184612.6,2647.0164,223.76402
Colombia,COL,2023,34575.227,5026.786,154865.16,1610.2504,325.51398
Comoros,COM,2001,,1.5793134,24.339626,,10.979507
Comoros,COM,2002,,0.2256067,33.23181,,7.370432
Comoros,COM,2003,,0.4512217,17.477827,,8.122617
Comoros,COM,2004,,0.1504101,34.668198,,5.565231
Comoros,COM,2005,,0.22560956,66.02774,,19.553085
Comoros,COM,2006,,0.45122737,11.008184,,1.5042481
Comoros,COM,2007,,0.6016369,58.62642,,17.973503
Comoros,COM,2008,,0.15040883,27.056732,,6.2423315
Comoros,COM,2009,,2.256116,98.969284,,10.379111
Comoros,COM,2010,,1.7296637,76.43014,,13.9897995
Comoros,COM,2011,,0.07520428,113.13572,,9.325831
Comoros,COM,2012,,1.2784853,60.816742,,61.5121
Comoros,COM,2013,,5.79068,1283.0427,,396.51123
Comoros,COM,2014,,2.5569522,1183.7239,,234.54298
Comoros,COM,2015,,1.2784482,384.1092,,34.443245
Comoros,COM,2016,,0.6768388,58.03673,,62.265114
Comoros,COM,2017,,5.113871,187.46689,,108.591705
Comoros,COM,2018,,10.603753,42.03456,,161.90901
Comoros,COM,2019,,7.670843,177.16348,,90.16537
Comoros,COM,2020,,8.497982,174.73894,,78.062004
Comoros,COM,2021,,3.5345485,119.56498,,37.827312
Comoros,COM,2022,,9.550845,96.96676,,57.376514
Comoros,COM,2023,,3.4594345,106.621605,,43.840412
Congo,COG,2001,,51.767838,26289.098,,82.26014
Congo,COG,2002,,22.303907,23890.473,,50.526405
Congo,COG,2003,,1.2307564,18143.617,,74.68427
Congo,COG,2004,,5.460033,13554.604,,78.47067
Congo,COG,2005,,8.845372,18424.584,,38.719524
Congo,COG,2006,,95.8448,21521.625,,66.24617
Congo,COG,2007,,25.686502,29164.3,,49.22713
Congo,COG,2008,,17.384739,17057.064,,84.65494
Congo,COG,2009,,20.076733,18314.348,,118.02259
Congo,COG,2010,,31.228546,43328.41,,147.66328
Congo,COG,2011,,11.537343,27854.49,,27.371405
Congo,COG,2012,,11.845139,31557.201,,6.9820395
Congo,COG,2013,,46.304314,53639.645,,107.53253
Congo,COG,2014,,27.919237,71236.11,,80.23856
Congo,COG,2015,,30.995241,47313.39,,40.646996
Congo,COG,2016,,73.297806,113632.055,,56.767265
Congo,COG,2017,,70.44715,63039.535,,133.8721
Congo,COG,2018,,71.99334,62257.27,,57.621403
Congo,COG,2019,,69.141556,73312.45,,23.093859
Congo,COG,2020,,63.761005,63971.504,,10.357972
Congo,COG,2021,,45.072647,57864.11,,15.573027
Congo,COG,2022,,52.840492,58887.78,,12.730961
Congo,COG,2023,,69.60657,67242.4,,48.94262
Costa Rica,CRI,2001,410.16315,397.4369,14472.552,7.36146,142.13364
Costa Rica,CRI,2002,246.23242,185.8573,12207.716,3.6446035,609.2221
Costa Rica,CRI,2003,155.09213,200.46672,7821.195,2.7329655,58.448124
Costa Rica,CRI,2004,577.7954,653.84546,8324.442,14.191361,150.24445
Costa Rica,CRI,2005,1025.853,627.12866,14680.202,3.0361385,140.46355
Costa Rica,CRI,2006,181.78351,257.47617,9427.04,3.5670552,156.4605
Costa Rica,CRI,2007,338.42245,487.27838,10485.849,3.7967803,98.16678
Costa Rica,CRI,2008,631.70123,782.1935,20227.338,5.693225,164.42467
Costa Rica,CRI,2009,551.9067,635.1636,20896.027,35.44626,235.76402
Costa Rica,CRI,2010,344.58676,241.56848,12447.834,4.326481,52.991444
Costa Rica,CRI,2011,216.25684,456.61456,9699.044,2.809055,61.62936
Costa Rica,CRI,2012,143.43674,342.60138,9712.688,14.495116,113.853264
Costa Rica,CRI,2013,222.50946,623.0024,6876.448,3.644931,21.9844
Costa Rica,CRI,2014,174.92108,807.89264,9861.568,6.6038594,34.111263
Costa Rica,CRI,2015,66.660545,167.8509,3040.2754,1.1388965,11.143772
Costa Rica,CRI,2016,88.02975,486.2497,13173.646,2.50442,22.668848
Costa Rica,CRI,2017,130.31682,449.59152,21365.596,5.540043,23.27198
Costa Rica,CRI,2018,116.16539,323.81494,11736.901,9.110818,83.91813
Costa Rica,CRI,2019,99.72065,427.46942,10878.857,3.87068,47.605354
Costa Rica,CRI,2020,65.28355,196.89798,7931.3306,22.323313,22.968172
Costa Rica,CRI,2021,59.755627,209.15086,7484.413,21.563734,51.16881
Costa Rica,CRI,2022,97.76723,206.9891,8197.866,2.9610817,41.31452
Costa Rica,CRI,2023,71.68245,341.65503,8547.055,6.9079375,57.30644
Cote d'Ivoire,CIV,2001,241.17438,1923.2932,119656.81,144.99481,728.1089
Cote d'Ivoire,CIV,2002,187.79024,2200.065,141236,108.61845,798.20337
Cote d'Ivoire,CIV,2003,146.37732,1732.3827,83966.266,21.424978,352.05106
Cote d'Ivoire,CIV,2004,16.225208,521.9831,47329.15,37.576527,129.68272
Cote d'Ivoire,CIV,2005,88.86098,454.64935,64292.973,35.61735,445.73514
Cote d'Ivoire,CIV,2006,157.686,1634.0697,95465.62,6.7129707,503.94235
Cote d'Ivoire,CIV,2007,121.96203,1202.6244,89094.016,20.975407,409.7264
Cote d'Ivoire,CIV,2008,599.1847,2238.3013,123772.77,95.64677,825.65955
Cote d'Ivoire,CIV,2009,467.78436,2813.187,104139.19,65.06751,1375.2083
Cote d'Ivoire,CIV,2010,229.25317,1211.2733,90489.305,40.0485,495.52493
Cote d'Ivoire,CIV,2011,254.05727,2925.7212,120246.49,27.538454,1216.6715
Cote d'Ivoire,CIV,2012,126.76261,851.7117,94775.445,77.47238,292.45883
Cote d'Ivoire,CIV,2013,526.0229,2002.1953,172268.48,128.60663,813.92456
Cote d'Ivoire,CIV,2014,382.59885,1980.8607,342333.03,910.7853,1128.6719
Cote d'Ivoire,CIV,2015,443.75128,977.04913,150165.3,271.49484,569.5815
Cote d'Ivoire,CIV,2016,506.04254,1054.9347,218288.89,282.709,954.9655
Cote d'Ivoire,CIV,2017,744.08777,1810.4438,352480.72,526.28314,1699.3914
Cote d'Ivoire,CIV,2018,503.2421,1649.1432,320430.34,792.4519,1335.9462
Cote d'Ivoire,CIV,2019,840.1768,1243.5593,238506.83,427.8114,1142.9846
Cote d'Ivoire,CIV,2020,456.85785,1747.4823,244675.89,350.39825,1256.0415
Cote d'Ivoire,CIV,2021,477.727,1383.6201,179689.23,224.0326,1462.6849
Cote d'Ivoire,CIV,2022,799.85657,829.70874,169493.52,291.04056,1035.2227
Cote d'Ivoire,CIV,2023,715.91583,870.1716,187649.58,205.03816,839.3388
Croatia,HRV,2001,,3132.6328,,179.44818,2.9653802
Croatia,HRV,2002,,2033.7472,0.33694875,253.30125,0.8090337
Croatia,HRV,2003,,1423.0573,,257.81973,0.8084402
Croatia,HRV,2004,,5961.559,5.0495396,630.3986,7.1710305
Croatia,HRV,2005,,2490.7913,1.6829821,220.11586,2.102855
Croatia,HRV,2006,,1994.3226,0.7863074,184.38374,2.642152
Croatia,HRV,2007,,2743.391,0.5616412,448.79135,10.516316
Croatia,HRV,2008,,3163.2625,4.6060643,660.4228,7.6032395
Croatia,HRV,2009,,2412.3228,19.92782,427.94055,4.476846
Croatia,HRV,2010,,3005.465,15.476117,444.12018,2.8045437
Croatia,HRV,2011,,2608.5068,5.4945593,257.10797,0.91717196
Croatia,HRV,2012,,4574.7827,7.714506,351.0248,3.236874
Croatia,HRV,2013,,2812.3027,1.8872498,152.7962,0.43177146
Croatia,HRV,2014,,4263.314,0.3330441,215.15721,34.948784
Croatia,HRV,2015,,2160.0115,0.7769662,494.12665,
Croatia,HRV,2016,,4900.9287,8.337119,381.0003,9.656048
Croatia,HRV,2017,,5158.707,0.78508335,618.8164,21.081627
Croatia,HRV,2018,,7345.7754,0.6177299,821.52423,6.7395616
Croatia,HRV,2019,,5532.921,0.7215693,364.3988,10.1925
Croatia,HRV,2020,,5670.552,0.5038595,273.1155,0.21555564
Croatia,HRV,2021,,4870.18,1.7259936,343.86545,7.8126993
Croatia,HRV,2022,,7364.654,2.1091018,406.28445,5.874846
Croatia,HRV,2023,,10293.182,33.559315,147.06923,5.339867
Cuba,CUB,2001,2034.8057,3535.4753,13131.608,66.51968,11.138198
Cuba,CUB,2002,4258.2905,2587.2175,6760.0835,1310.4178,15.111776
Cuba,CUB,2003,792.25775,1420.8253,4222.0215,5.9283166,27.0994
Cuba,CUB,2004,3563.686,6742.367,11205.551,124.11551,36.956947
Cuba,CUB,2005,1681.9877,3516.0781,7247.895,125.00994,151.61546
Cuba,CUB,2006,2415.8438,2489.1003,7078.412,207.28639,20.85762
Cuba,CUB,2007,1694.0002,1691.4818,4162.606,199.2432,20.850878
Cuba,CUB,2008,2289.4932,3889.2036,10596.167,34.081085,35.039024
Cuba,CUB,2009,3309.9072,4510.517,8212.307,36.03842,41.355198
Cuba,CUB,2010,1256.2042,2232.064,5023.194,25.852137,24.40313
Cuba,CUB,2011,2085.4153,4437.9478,9544.725,154.8035,22.771185
Cuba,CUB,2012,1011.1924,2093.7898,7093.5522,19.790085,16.603407
Cuba,CUB,2013,926.6666,1743.2266,3300.4912,24.162954,6.8797092
Cuba,CUB,2014,1016.1072,1871.0358,2900.6902,28.47738,1.3474759
Cuba,CUB,2015,1010.7436,2065.9304,3593.8628,18.017303,4.1139903
Cuba,CUB,2016,1651.5222,3250.2568,69049.76,45.8048,4.1849003
Cuba,CUB,2017,17584.117,31667.412,22940.182,4052.2083,10.781249
Cuba,CUB,2018,3547.6628,4689.998,6214.402,311.71085,3.5473595
Cuba,CUB,2019,1144.9657,2606.6948,3626.5784,21.938768,3.8304975
Cuba,CUB,2020,2104.6348,4890.125,5495.0464,43.73095,4.3278337
Cuba,CUB,2021,1265.9166,2353.1577,5705.5776,292.97562,10.572403
Cuba,CUB,2022,919.80664,896.22064,2993.8008,34.248974,14.75379
Cuba,CUB,2023,1240.7001,2145.7996,15269.279,115.589134,12.768712
Curacao,CUW,2001,0.52664477,,,,
Curacao,CUW,2002,0.5267997,,,,
Curacao,CUW,2004,0.1505123,,,,
Curacao,CUW,2005,0.45149714,,,,
Curacao,CUW,2006,2.5578089,,,,
Curacao,CUW,2007,3.6862762,,,,
Curacao,CUW,2008,4.212888,,,,
Curacao,CUW,2009,2.4077756,,,,
Curacao,CUW,2010,0.3762782,,,,
Curacao,CUW,2011,0.5267963,,,,
Curacao,CUW,2012,2.934973,,,,
Curacao,CUW,2013,4.2145104,,,,
Curacao,CUW,2014,2.3330786,,,,
Curacao,CUW,2015,0.6773086,,,,
Curacao,CUW,2016,1.8814411,,,,
Curacao,CUW,2017,0.15050237,,,,
Curacao,CUW,2018,0.5265787,,,,
Curacao,CUW,2019,1.6553069,,,,
Curacao,CUW,2020,1.5048584,,,,
Curacao,CUW,2021,3.7627335,,,,
Curacao,CUW,2022,3.9886694,,,,
Curacao,CUW,2023,2.1820943,,,,
Cyprus,CYP,2001,,0.94918954,4.1180696,66.53252,
Cyprus,CYP,2002,,2.9752805,4.563736,15.598126,
Cyprus,CYP,2003,,1.8984487,1.8384552,20.4791,
Cyprus,CYP,2004,,5.251089,9.0058,47.72541,
Cyprus,CYP,2005,,1.2019835,3.3610938,16.862843,
Cyprus,CYP,2006,,3.543469,10.07868,32.52005,
Cyprus,CYP,2007,,2.2154315,7.857813,752.9011,
Cyprus,CYP,2008,,2.659689,3.358724,75.73119,
Cyprus,CYP,2009,,1.9005116,1.7104892,46.87673,
Cyprus,CYP,2010,,1.7073026,1.5218214,51.102333,
Cyprus,CYP,2011,,2.8463588,7.1043806,91.8103,
Cyprus,CYP,2012,,1.836431,5.3283105,31.06652,
Cyprus,CYP,2013,,0.2530174,0.5066113,9.897338,
Cyprus,CYP,2014,,3.5489912,14.084132,14.212624,
Cyprus,CYP,2015,,0,2.8539686,11.547372,
Cyprus,CYP,2016,,101.83657,9.009478,456.422,
Cyprus,CYP,2017,,25.743969,1.394437,408.48312,
Cyprus,CYP,2018,,18.203014,0.94975525,4.5001993,
Cyprus,CYP,2019,,4.299618,1.1406072,23.897415,
Cyprus,CYP,2020,,14.431462,2.47512,8.36909,
Cyprus,CYP,2021,,0.76036006,7.5540295,631.2605,
Cyprus,CYP,2022,,2.5331528,2.6613595,57.88052,
Cyprus,CYP,2023,,3.1010015,2.8509057,48.107594,
Czechia,CZE,2001,,3434.8936,2.782573,15.962211,1.7722955
Czechia,CZE,2002,,6695.453,1.1920124,59.19059,1.3127972
Czechia,CZE,2003,,3900.9714,,18.556206,2.0257995
Czechia,CZE,2004,,13296.276,2.0371535,127.5021,3.790742
Czechia,CZE,2005,,25462.451,3.8756945,58.137722,11.628497
Czechia,CZE,2006,,8561.446,1.3405833,33.387066,4.0887012
Czechia,CZE,2007,,21163.643,1.2918915,141.59357,3.5728946
Czechia,CZE,2008,,16736.814,0.74554646,115.80465,5.142623
Czechia,CZE,2009,,13454.545,2.1361225,44.38112,4.045575
Czechia,CZE,2010,,15370.848,7.2069254,46.10563,2.7342157
Czechia,CZE,2011,,21722.865,5.2172537,87.52672,8.929441
Czechia,CZE,2012,,13884.851,2.2359934,103.77449,6.631262
Czechia,CZE,2013,,7606.9746,0.24824372,46.526997,0.9118708
Czechia,CZE,2014,,13825.738,2.5327146,96.77925,2.1745229
Czechia,CZE,2015,,7985.5635,0.09948052,53.60957,0.50488806
Czechia,CZE,2016,,22688.979,0.84436435,97.27078,2.8189402
Czechia,CZE,2017,,26414.652,0.8951596,76.91021,3.5347757
Czechia,CZE,2018,,38908.945,2.2836888,277.72153,4.2012615
Czechia,CZE,2019,,72030.77,1.8388789,1188.2487,27.939375
Czechia,CZE,2020,,98712.57,1.4914392,1479.0189,27.207552
Czechia,CZE,2021,,56033.984,1.5905062,237.53716,6.154407
Czechia,CZE,2022,,34673.56,0.1988532,69.66236,5.225788
Czechia,CZE,2023,,24358.898,2.2368767,25.77733,0.6546134
Democratic Republic of Congo,COD,2001,104.2598,2531.6306,449704.1,6.746926,1063.8125
Democratic Republic of Congo,COD,2002,32.419632,2500.7773,509255.94,8.443156,419.26868
Democratic Republic of Congo,COD,2003,28.635332,906.03156,271599.38,8.483872,415.4919
Democratic Republic of Congo,COD,2004,82.518234,2399.8352,395403.88,17.460968,618.4742
Democratic Republic of Congo,COD,2005,535.32874,2795.576,478360.16,8.791171,2152.0496
Democratic Republic of Congo,COD,2006,176.85837,2245.586,448828.72,3.894085,440.08563
Democratic Republic of Congo,COD,2007,58.346176,2784.9543,457535.53,39.34814,853.33057
Democratic Republic of Congo,COD,2008,1013.80396,1421.2506,399542.03,17.675465,1754.49
Democratic Republic of Congo,COD,2009,540.2656,3708.6355,626929.5,23.40865,1923.0818
Democratic Republic of Congo,COD,2010,225.63283,2874.011,804495.94,20.295765,717.36676
Democratic Republic of Congo,COD,2011,108.99685,1712.9922,425277.66,12.337372,806.93854
Democratic Republic of Congo,COD,2012,169.23355,3043.0667,623479,16.21203,1152.7157
Democratic Republic of Congo,COD,2013,450.27252,4835.6875,910506.5,16.245562,1807.1182
Democratic Republic of Congo,COD,2014,654.6377,5677.837,1325447.8,25.68452,2252.84
Democratic Republic of Congo,COD,2015,123.333046,4400.778,921436.2,10.041941,902.86615
Democratic Republic of Congo,COD,2016,430.49658,6765.386,1370471.5,16.39318,1945.5941
Democratic Republic of Congo,COD,2017,262.1624,6248.489,1457481.6,26.700056,1871.0088
Democratic Republic of Congo,COD,2018,327.2945,5567.738,1363736.2,32.325466,2526.2532
Democratic Republic of Congo,COD,2019,397.19745,5622.3643,1210326.1,11.903288,2055.5166
Democratic Republic of Congo,COD,2020,164.3551,6255.8267,1298775.9,24.39024,2585.8562
Democratic Republic of Congo,COD,2021,537.67346,5150.2134,1237500.1,12.817801,2774.2773
Democratic Republic of Congo,COD,2022,392.7744,5384.4243,1209689.5,11.207105,2740.9521
Democratic Republic of Congo,COD,2023,257.02933,5040.5005,1314820.9,37.493973,4139.0137
Denmark,DNK,2001,,4119.948,1.4541318,123.11669,2.2310627
Denmark,DNK,2002,,1153.05,0.6405473,32.038036,0.48104948
Denmark,DNK,2003,,1544.0142,0.08623273,11.933759,
Denmark,DNK,2004,,2306.801,0.044067882,31.24434,8.082765
Denmark,DNK,2005,,8809.226,4.9770083,143.21504,2.141472
Denmark,DNK,2006,,5106.176,1.0153004,62.328987,3.3266108
Denmark,DNK,2007,,4298.21,0.42232472,31.134546,4.377365
Denmark,DNK,2008,,5876.255,0.9093179,58.18638,29.399023
Denmark,DNK,2009,,6462.6094,0.8244486,99.74988,4.026007
Denmark,DNK,2010,,4274.616,2.687572,61.414043,5.902543
Denmark,DNK,2011,,3018.8677,2.9211543,74.85412,4.6354737
Denmark,DNK,2012,,4308.931,0.22022685,65.36378,8.618618
Denmark,DNK,2013,,1947.4158,1.81678,30.53914,5.597295
Denmark,DNK,2014,,5187.051,1.7994511,34.122684,21.484375
Denmark,DNK,2015,,2435.4043,1.8263628,91.02864,6.4723682
Denmark,DNK,2016,,4489.287,0.68447715,99.63301,2.098346
Denmark,DNK,2017,,4224.178,5.1912003,69.11707,3.2805622
Denmark,DNK,2018,,3040.941,7.606093,62.369656,1.8836726
Denmark,DNK,2019,,8880.209,4.093564,150.14404,12.594379
Denmark,DNK,2020,,3092.6855,2.3545365,48.497837,1.7923411
Denmark,DNK,2021,,4567.009,4.0458493,122.17786,2.4938765
Denmark,DNK,2022,,3224.2466,4.000007,92.52653,0.21932356
Denmark,DNK,2023,,3936.8774,0.5077192,15.401662,3.9327614
Dominica,DMA,2001,,,21.901573,,
Dominica,DMA,2002,,,11.874708,,
Dominica,DMA,2003,,,27.238703,,
Dominica,DMA,2004,,,79.35513,,
Dominica,DMA,2005,,,52.248955,,
Dominica,DMA,2006,,,25.382702,,
Dominica,DMA,2007,,,40.300003,,
Dominica,DMA,2008,,,93.22528,,
Dominica,DMA,2009,,,73.7804,,
Dominica,DMA,2010,,,92.12037,,
Dominica,DMA,2011,,,44.388985,,
Dominica,DMA,2012,,,144.42702,,
Dominica,DMA,2013,,,21.896006,,
Dominica,DMA,2014,,,12.170754,,
Dominica,DMA,2015,,,1.8556317,,
Dominica,DMA,2016,,,7.1239767,,
Dominica,DMA,2017,,,23290.096,,
Dominica,DMA,2018,,,778.0458,,
Dominica,DMA,2019,,,55.592648,,
Dominica,DMA,2020,,,64.86919,,
Dominica,DMA,2021,,,30.136652,,
Dominica,DMA,2022,,,31.544992,,
Dominica,DMA,2023,,,144.95934,,
Dominican Republic,DOM,2001,451.84637,403.40878,10192.275,0.29174262,194.89075
Dominican Republic,DOM,2002,244.18436,672.48975,9234.358,0.364648,278.73904
Dominican Republic,DOM,2003,167.13759,312.11096,9915.57,0.36475483,313.99536
Dominican Republic,DOM,2004,243.34383,458.17938,18322.871,2.1880605,348.39352
Dominican Republic,DOM,2005,1297.866,437.22064,23080.562,0.8023587,260.76843
Dominican Republic,DOM,2006,405.9781,407.32187,12397.8,0.5834542,195.29668
Dominican Republic,DOM,2007,321.37784,591.72424,14859.246,0.14583689,272.23764
Dominican Republic,DOM,2008,350.47122,647.4595,20364.574,1.8964057,234.8819
Dominican Republic,DOM,2009,223.53459,612.1085,12920.096,0.72932374,199.84354
Dominican Republic,DOM,2010,340.4646,364.87396,13127.942,0.51050544,253.97223
Dominican Republic,DOM,2011,197.25188,266.18137,12336.345,2.6984885,152.24504
Dominican Republic,DOM,2012,334.0482,913.67303,16474.898,16.629248,161.2702
Dominican Republic,DOM,2013,1464.2957,721.1805,10348.495,0.14589585,163.39218
Dominican Republic,DOM,2014,988.5896,652.20215,11672.522,119.41749,236.56378
Dominican Republic,DOM,2015,563.3463,988.91504,13270.194,4.9603047,242.16203
Dominican Republic,DOM,2016,414.28427,467.51227,23741.848,2.6990867,257.05554
Dominican Republic,DOM,2017,322.95828,470.3805,25951.734,2.4801912,280.83676
Dominican Republic,DOM,2018,197.35707,320.73138,13261.75,,176.62657
Dominican Republic,DOM,2019,370.54608,388.01547,14040.217,,123.658714
Dominican Republic,DOM,2020,1723.3516,762.7255,18736.498,,210.25255
Dominican Republic,DOM,2021,260.0752,529.3502,13157.277,,228.33594
Dominican Republic,DOM,2022,972.53906,455.35962,11503.408,,201.33244
Dominican Republic,DOM,2023,1521.2546,627.4746,20589.621,,207.09924
East Timor,TLS,2001,,245.96233,428.19244,,
East Timor,TLS,2002,,592.785,1007.2485,,
East Timor,TLS,2003,,231.87709,452.16568,,
East Timor,TLS,2004,,658.7885,1388.6641,,
East Timor,TLS,2005,,416.72638,886.2116,,
East Timor,TLS,2006,,804.60895,2108.9626,,
East Timor,TLS,2007,,405.95178,1131.3151,,
East Timor,TLS,2008,,123.57149,702.4614,,
East Timor,TLS,2009,,920.9594,1678.173,,
East Timor,TLS,2010,,184.76514,456.63623,,
East Timor,TLS,2011,,243.71243,1200.5144,,
East Timor,TLS,2012,,496.80966,1371.779,,
East Timor,TLS,2013,,139.30481,319.372,,
East Timor,TLS,2014,,441.425,1416.9387,,
East Timor,TLS,2015,,193.44955,656.6078,,
East Timor,TLS,2016,,353.28867,930.31506,,
East Timor,TLS,2017,,507.7771,1190.5569,,
East Timor,TLS,2018,,411.07483,826.36163,,
East Timor,TLS,2019,,467.19528,1028.8746,,
East Timor,TLS,2020,,436.20447,1016.65356,,
East Timor,TLS,2021,,441.61526,966.89966,,
East Timor,TLS,2022,,318.4507,788.7777,,
East Timor,TLS,2023,,388.79285,1086.5796,,
Ecuador,ECU,2001,367.4016,1222.6257,42518.473,205.72871,129.06537
Ecuador,ECU,2002,251.35435,394.92276,28710.006,73.36076,72.68808
Ecuador,ECU,2003,186.0019,212.39415,13157.771,67.13705,48.990795
Ecuador,ECU,2004,388.25186,734.7139,35323.844,189.87413,186.19543
Ecuador,ECU,2005,907.48145,655.6842,38374.082,41.82765,68.147865
Ecuador,ECU,2006,832.5818,885.73,33329.234,132.58015,112.281136
Ecuador,ECU,2007,1308.1829,544.1016,57925.594,215.15765,98.28876
Ecuador,ECU,2008,546.87946,614.11194,50379.094,66.0559,71.34053
Ecuador,ECU,2009,1028.5532,869.18805,55011.695,169.23312,204.08705
Ecuador,ECU,2010,155.47958,353.1731,32758.076,72.893745,62.74251
Ecuador,ECU,2011,517.9924,539.0236,42158.152,62.90591,57.840134
Ecuador,ECU,2012,552.12354,794.2737,71802.52,125.2582,215.85158
Ecuador,ECU,2013,457.52206,768.6667,46661.457,45.06751,88.91667
Ecuador,ECU,2014,344.82297,431.06897,29678.725,57.292088,72.53027
Ecuador,ECU,2015,195.06209,289.07574,29227.996,41.83548,48.071323
Ecuador,ECU,2016,163.88234,677.193,42810.867,28.06771,50.523262
Ecuador,ECU,2017,274.52423,661.46484,69678.32,58.142387,70.20891
Ecuador,ECU,2018,76.84064,569.1164,37795.273,36.83181,66.07983
Ecuador,ECU,2019,132.41978,529.2164,34754.906,21.07072,54.372215
Ecuador,ECU,2020,51.5877,497.95334,47998.414,26.611963,56.15154
Ecuador,ECU,2021,27.055037,305.07254,29589.867,19.841242,26.29913
Ecuador,ECU,2022,52.044632,531.32825,51596.09,21.30288,47.7644
Ecuador,ECU,2023,224.96198,613.36896,41900.55,88.90269,92.92511
Egypt,EGY,2001,3.3646364,,3.7574651,0.066276774,57.496765
Egypt,EGY,2002,1.5838752,,0.3954899,,21.984453
Egypt,EGY,2003,10.887598,,0.3959748,,19.414528
Egypt,EGY,2004,2.7699707,,1.317667,,41.603737
Egypt,EGY,2005,4.288338,,0.46207502,0.13340186,16.910437
Egypt,EGY,2006,1.8470182,,1.2547338,,18.509062
Egypt,EGY,2007,6.0054684,,2.5758755,0.06670217,38.585297
Egypt,EGY,2008,6.8581624,,2.4436305,0.5314129,39.27124
Egypt,EGY,2009,8.110875,,2.769434,,24.056637
Egypt,EGY,2010,16.286777,0.069927916,0.52809167,,42.881123
Egypt,EGY,2011,14.242748,,2.5754385,,48.68095
Egypt,EGY,2012,25.655254,,16.810394,0.066702,215.76758
Egypt,EGY,2013,16.948948,,5.137382,,37.218864
Egypt,EGY,2014,27.49722,,5.5992923,,52.007553
Egypt,EGY,2015,19.449938,,,,8.235414
Egypt,EGY,2016,19.318115,,,,6.5976043
Egypt,EGY,2017,26.11536,,0.06588428,,20.041183
Egypt,EGY,2018,17.477795,,0.98963314,,28.483572
Egypt,EGY,2019,5.6730533,,0.06584549,,10.346848
Egypt,EGY,2020,6.726662,,,,5.870966
Egypt,EGY,2021,4.615822,,,,6.7909403
Egypt,EGY,2022,9.038089,,,,2.3111653
Egypt,EGY,2023,9.691859,,3.2278876,,19.508701
El Salvador,SLV,2001,128.41283,13.1895895,9243.284,,109.93741
El Salvador,SLV,2002,164.39058,7.4917345,4403.651,,70.448524
El Salvador,SLV,2003,78.23109,0.3744514,5806.5137,,89.07051
El Salvador,SLV,2004,135.94579,28.997293,4300.2085,,73.15004
El Salvador,SLV,2005,121.395164,8.916137,5642.2124,,97.30778
El Salvador,SLV,2006,142.02914,15.288325,4327.7954,,97.69179
El Salvador,SLV,2007,128.76064,42.1932,2675.8638,,123.33189
El Salvador,SLV,2008,118.82667,7.7914658,3141.3406,,49.286224
El Salvador,SLV,2009,119.67627,30.643042,4054.0125,,70.75731
El Salvador,SLV,2010,150.67683,37.243217,2641.839,,22.963469
El Salvador,SLV,2011,162.5363,7.8636956,2998.3523,,62.29958
El Salvador,SLV,2012,71.50958,7.1169677,2349.251,,99.92507
El Salvador,SLV,2013,117.64169,3.8198133,1871.8844,,54.676052
El Salvador,SLV,2014,101.99641,2.6960263,2168.281,,43.082115
El Salvador,SLV,2015,111.87996,4.7926793,2210.8213,,58.34382
El Salvador,SLV,2016,140.55618,28.550035,5359.6406,,208.57411
El Salvador,SLV,2017,121.44645,6.8157935,4394.2573,,212.09804
El Salvador,SLV,2018,102.711815,4.569403,2486.2551,,96.92638
El Salvador,SLV,2019,63.05034,9.965343,2107.4062,,65.964294
El Salvador,SLV,2020,72.00279,2.6224897,2056.01,,70.97219
El Salvador,SLV,2021,55.19345,1.3481187,1382.9491,,47.492462
El Salvador,SLV,2022,61.475983,6.219832,1506.0869,,56.01695
El Salvador,SLV,2023,62.809948,10.491801,1621.6512,,89.22297
Equatorial Guinea,GNQ,2002,,0.23031278,2979.9585,,
Equatorial Guinea,GNQ,2004,,0.53739595,419.6628,,
Equatorial Guinea,GNQ,2005,,16.0452,1575.6758,,
Equatorial Guinea,GNQ,2006,,1.3818702,1234.0884,,
Equatorial Guinea,GNQ,2008,,1.0747962,4813.91,,
Equatorial Guinea,GNQ,2009,,7.6003447,5652.1143,,
Equatorial Guinea,GNQ,2010,,13.818806,6528.1797,,
Equatorial Guinea,GNQ,2011,,1.9960444,7694.9116,,
Equatorial Guinea,GNQ,2013,,1.7657225,7204.2754,,
Equatorial Guinea,GNQ,2014,,6.0648756,19130.746,,
Equatorial Guinea,GNQ,2015,,0.07677185,7459.448,,
Equatorial Guinea,GNQ,2016,,2.9940913,9518.481,,
Equatorial Guinea,GNQ,2017,,7.9074626,11903.293,,
Equatorial Guinea,GNQ,2018,,0.5374004,7813.748,,
Equatorial Guinea,GNQ,2019,,3.7617872,9492.647,,
Equatorial Guinea,GNQ,2020,,0.23031196,4865.6484,,
Equatorial Guinea,GNQ,2021,,11.669155,8861.403,,
Equatorial Guinea,GNQ,2022,,0.92124724,7754.025,,
Equatorial Guinea,GNQ,2023,,1.2283251,8519.833,,
Equatorial Guinea,GNQ,2001,,,3574.9597,,
Equatorial Guinea,GNQ,2003,,,1919.1427,,
Equatorial Guinea,GNQ,2007,,,3103.7642,,
Equatorial Guinea,GNQ,2012,,,4936.2046,,
Eritrea,ERI,2012,0,,,,
Eritrea,ERI,2023,0,,,0,
Eritrea,ERI,2014,,,,0,
Estonia,EST,2001,,16868.428,,,
Estonia,EST,2002,,21915.51,,,
Estonia,EST,2003,,5632.3574,,,
Estonia,EST,2004,,18100.133,,,
Estonia,EST,2005,,14797.587,,,
Estonia,EST,2006,,21719.389,,,
Estonia,EST,2007,,16177.422,,,
Estonia,EST,2008,,18289.598,,,
Estonia,EST,2009,,18817.25,,,
Estonia,EST,2010,,21494.08,,,
Estonia,EST,2011,,27197.158,,,
Estonia,EST,2012,,17681.807,,,
Estonia,EST,2013,,17081.092,,,
Estonia,EST,2014,,23572.207,,,
Estonia,EST,2015,,25412.885,,,
Estonia,EST,2016,,36327.64,,,
Estonia,EST,2017,,38849.86,,,
Estonia,EST,2018,,40016.88,,,
Estonia,EST,2019,,45910.465,,,
Estonia,EST,2020,,36788.062,,,
Estonia,EST,2021,,33996.75,,,
Estonia,EST,2022,,39192.04,,,
Estonia,EST,2023,,36154.727,,,
Eswatini,SWZ,2001,,6356.373,369.85425,0.82781684,
Eswatini,SWZ,2002,,3560.7134,234.4085,0.55211926,
Eswatini,SWZ,2003,,5388.7446,367.32657,1.4490882,
Eswatini,SWZ,2004,,5037.797,308.30832,6.2787247,
Eswatini,SWZ,2005,,4364.089,167.22232,0.20697954,
Eswatini,SWZ,2006,,8517.755,888.60724,3.8631818,
Eswatini,SWZ,2007,,6182.4883,282.88275,0.13802955,
Eswatini,SWZ,2008,,4307.9966,267.8524,2.138934,
Eswatini,SWZ,2009,,10384.32,267.67645,,
Eswatini,SWZ,2010,,5847.3364,799.0968,2.4142613,
Eswatini,SWZ,2011,,2159.7778,438.06674,10.695403,
Eswatini,SWZ,2012,,3267.4841,248.30554,1.1039321,
Eswatini,SWZ,2013,,2747.6296,351.80023,1.2416761,
Eswatini,SWZ,2014,,4167.446,755.3818,8.210046,
Eswatini,SWZ,2015,,2704.6392,504.78998,0.6210195,
Eswatini,SWZ,2016,,4334.4814,464.5229,0.06899903,
Eswatini,SWZ,2017,,5130.044,1154.8812,63.338505,
Eswatini,SWZ,2018,,1667.7001,242.71306,0.2759183,
Eswatini,SWZ,2019,,3284.8933,791.3086,10.347668,
Eswatini,SWZ,2020,,2337.9097,340.8622,0.34481692,
Eswatini,SWZ,2021,,2408.3809,734.8425,3.6564305,
Eswatini,SWZ,2022,,1489.8828,443.00494,0.89681554,
Eswatini,SWZ,2023,,1570.291,462.11154,1.3798877,
Ethiopia,ETH,2001,182.90167,38.705303,11045.403,80.80727,16.023727
Ethiopia,ETH,2002,36.52827,67.68581,12439.898,72.86727,15.070135
Ethiopia,ETH,2003,20.209368,48.941837,13372.566,198.6798,14.730546
Ethiopia,ETH,2004,46.129433,98.91186,12822.109,101.674774,24.351381
Ethiopia,ETH,2005,163.07513,252.23969,14853.427,116.86413,149.69496
Ethiopia,ETH,2006,21.352322,56.51469,11718.261,25.58271,13.504468
Ethiopia,ETH,2007,82.65387,111.10814,24868.717,104.65354,34.192837
Ethiopia,ETH,2008,221.39418,130.66403,22920.367,186.09866,54.509335
Ethiopia,ETH,2009,69.71554,151.43227,28401.285,99.95935,47.258854
Ethiopia,ETH,2010,74.512596,77.781204,19519.291,129.3226,46.16876
Ethiopia,ETH,2011,89.608284,120.49442,14695.651,134.19818,31.196043
Ethiopia,ETH,2012,161.62755,166.08302,40519.79,160.56117,65.0531
Ethiopia,ETH,2013,86.26744,157.84883,29798.688,173.9757,35.381405
Ethiopia,ETH,2014,132.5756,194.14323,31481.084,137.31325,38.124767
Ethiopia,ETH,2015,58.726383,119.71398,9971.334,18.107023,18.65515
Ethiopia,ETH,2016,77.557625,224.1445,18889.988,144.96385,81.82674
Ethiopia,ETH,2017,74.59877,225.98004,34697.188,95.97783,37.560036
Ethiopia,ETH,2018,85.007385,216.77309,18360.244,62.778397,43.95662
Ethiopia,ETH,2019,53.91248,224.49133,25039.69,75.87132,26.898777
Ethiopia,ETH,2020,52.25148,228.32472,17438.195,72.94004,40.759907
Ethiopia,ETH,2021,70.99512,252.17218,19137.594,75.01694,45.070248
Ethiopia,ETH,2022,55.202316,206.24612,19371.422,123.77358,54.92086
Ethiopia,ETH,2023,50.749664,271.42178,35514.312,321.78772,58.673725
Europe,,2001,,1322740.5,1741.5542,1125610.5,1371.0829
Europe,,2002,,1301010.8,1613.9,2082780.9,846.023
Europe,,2003,,1094357.5,831.24243,2399591.2,1094.9352
Europe,,2004,,1976595.9,2329.3523,2548113.2,1669.709
Europe,,2005,,1809691.6,1844.7512,823788.7,1357.4431
Europe,,2006,,1766571.2,2161.7046,1436279.1,1817.9415
Europe,,2007,,1899904.4,2044.7231,1489307.6,1909.9648
Europe,,2008,,1993975.6,2338.1306,2157280.8,2177.2063
Europe,,2009,,1744532.6,2536.5793,1308100.9,1644.6381
Europe,,2010,,2037144.5,2125.5864,997888.4,2352.215
Europe,,2011,,2123435.5,1510.2157,1824152.9,4270.0435
Europe,,2012,,2392891,3751.167,4019841,3056.4126
Europe,,2013,,1689576.1,2121.0557,4065815.2,1969.0725
Europe,,2014,,1949067.9,2087.625,3570255.5,2039.5023
Europe,,2015,,1653081.8,2114.7104,1563704.2,1871.9336
Europe,,2016,,2639567.2,4816.962,3885446.5,2323.3071
Europe,,2017,,2877063,6705.1,4065849,2429.1199
Europe,,2018,,2585295,5523.623,4523682,2193.231
Europe,,2019,,2596640.2,2852.2493,2677409.5,2132.3342
Europe,,2020,,2696341,2611.4946,4426707,2182.0857
Europe,,2021,,2603616.5,3307.794,5574539,2751.7195
Europe,,2022,,2578791.8,3669.599,3188795,2514.3704
Europe,,2023,,2751124.2,6204.4487,2141272,2392.2522
Fiji,FJI,2001,0.22031274,920.03033,127.902374,,9.09267
Fiji,FJI,2002,0.22027989,481.57788,91.12618,,103.8078
Fiji,FJI,2003,0.22032721,1233.0696,167.02332,,100.28154
Fiji,FJI,2004,0.2202454,1230.8132,467.6647,,159.14326
Fiji,FJI,2006,0.51390946,1366.64,261.3663,,165.09723
Fiji,FJI,2007,4.3333907,1604.756,279.25552,,168.24802
Fiji,FJI,2008,34.741154,1531.0546,665.3181,,41.425404
Fiji,FJI,2009,24.089277,990.5318,600.79425,,68.107185
Fiji,FJI,2010,11.236965,1163.5175,988.0793,,13.85857
Fiji,FJI,2011,15.864207,320.16632,162.46027,,0.22011308
Fiji,FJI,2012,1.2485851,697.66205,299.47552,,103.66621
Fiji,FJI,2013,2.1291273,1735.9648,682.0581,,95.42295
Fiji,FJI,2014,7.2684126,2251.1902,1093.9203,,21.20405
Fiji,FJI,2015,43.544598,1141.382,514.1402,,44.42362
Fiji,FJI,2016,334.53622,2897.477,4630.401,,50.908405
Fiji,FJI,2018,4.040893,766.7932,408.058,,63.639862
Fiji,FJI,2020,5.878184,1410.9058,514.20447,,26.247404
Fiji,FJI,2005,,1249.131,301.75363,,48.240883
Fiji,FJI,2017,,2161.1426,807.94965,,44.81528
Fiji,FJI,2019,,936.48694,421.22385,,76.392715
Fiji,FJI,2021,,5671.8096,1303.1835,,106.59773
Fiji,FJI,2022,,700.84204,227.2982,,32.768524
Fiji,FJI,2023,,591.129,165.3519,,31.01145
Finland,FIN,2001,,150224.7,0.394837,734.7889,
Finland,FIN,2002,,141553.58,0.11266313,793.9952,
Finland,FIN,2003,,89067.664,0.7888571,603.677,
Finland,FIN,2004,,145335.72,23.798079,994.5791,
Finland,FIN,2005,,229637.53,21.046461,579.392,
Finland,FIN,2006,,180423.17,,1689.3683,
Finland,FIN,2007,,150987.58,1.184434,832.2762,
Finland,FIN,2008,,199595.7,0.0564713,471.5259,
Finland,FIN,2009,,174268.12,0.5083388,1908.9373,
Finland,FIN,2010,,166580.73,0.25379065,868.36237,
Finland,FIN,2011,,158198.64,0.3380244,1023.441,
Finland,FIN,2012,,159237.6,1.804289,983.16406,
Finland,FIN,2013,,147830.78,,725.27954,
Finland,FIN,2014,,185719.58,,827.414,
Finland,FIN,2015,,171906.16,,707.32196,
Finland,FIN,2016,,239403.03,,970.1949,
Finland,FIN,2017,,335167.84,,990.36597,
Finland,FIN,2018,,269150.9,,718.45746,
Finland,FIN,2019,,288645.72,,1185.8153,
Finland,FIN,2020,,253649,0,764.84045,
Finland,FIN,2021,,266028.9,,838.3122,
Finland,FIN,2022,,254864.67,,455.20566,
Finland,FIN,2023,,241628.44,,143.86691,
France,FRA,2001,,32516.967,75.789345,1011.05133,228.95848
France,FRA,2002,,32730.068,81.61765,741.99896,46.171986
France,FRA,2003,,24546.812,82.22533,1379.9048,144.2823
France,FRA,2004,,73151.71,183.33604,2021.0934,184.72072
France,FRA,2005,,44690.727,140.64294,1015.8559,109.52171
France,FRA,2006,,52741.19,170.59161,1551.0416,153.7514
France,FRA,2007,,47489.637,154.9535,1027.7258,167.78287
France,FRA,2008,,83373.46,147.26929,2349.667,404.33905
France,FRA,2009,,65074.363,121.662506,1064.7322,278.80972
France,FRA,2010,,140902.75,177.02113,1398.6823,122.693016
France,FRA,2011,,62458.89,141.98685,936.9062,168.89923
France,FRA,2012,,65111.137,179.60042,1240.6383,100.96073
France,FRA,2013,,29464.02,139.98376,480.1332,42.847263
France,FRA,2014,,43012.66,184.57433,817.5727,63.922802
France,FRA,2015,,36251.848,134.57959,684.55634,42.29035
France,FRA,2016,,58941.93,263.883,1172.4594,127.03258
France,FRA,2017,,65167.594,1007.0165,2554.3608,105.35399
France,FRA,2018,,66982.41,299.64554,1327.9694,126.23487
France,FRA,2019,,78307.13,415.7794,1855.7013,155.52696
France,FRA,2020,,73767.17,295.84268,3070.2295,112.54858
France,FRA,2021,,109673.29,236.09424,2097.3145,197.08835
France,FRA,2022,,56628.773,441.76462,1270.0216,141.06711
France,FRA,2023,,84854.58,228.10138,791.1569,236.12863
French Guiana,GUF,2001,552.9944,,2151.929,2.0697448,4.36928
French Guiana,GUF,2002,474.65326,,1851.4888,8.815821,12.878124
French Guiana,GUF,2003,534.9439,,1208.174,1.9931269,4.8292756
French Guiana,GUF,2004,1320.7872,,3115.3845,4.29267,7.4355536
French Guiana,GUF,2005,724.29456,,1989.9391,2.836242,3.602768
French Guiana,GUF,2006,744.81744,,1639.3787,5.0590935,5.519105
French Guiana,GUF,2007,978.7445,,2188.5266,17.707434,6.6690283
French Guiana,GUF,2008,1561.2784,,3260.4775,7.818999,23.14967
French Guiana,GUF,2009,836.0611,,1715.6597,0.9198793,2.0697
French Guiana,GUF,2010,571.2313,,2244.359,3.1427445,19.317049
French Guiana,GUF,2011,667.9634,,1525.8499,2.6063898,20.696625
French Guiana,GUF,2012,1639.5897,,5191.942,21.004208,16.864244
French Guiana,GUF,2013,762.6263,,2027.6624,7.97284,3.4495177
French Guiana,GUF,2014,896.2075,,3094.4668,9.122496,4.1393514
French Guiana,GUF,2015,631.51465,,2178.3198,9.122624,5.902471
French Guiana,GUF,2016,1221.5751,,4657.2944,13.031266,12.188276
French Guiana,GUF,2017,913.7732,,3077.712,24.607334,8.508777
French Guiana,GUF,2018,804.41174,,2792.0107,7.8193197,6.1324506
French Guiana,GUF,2019,845.6172,,2334.8687,4.6758833,1.9163996
French Guiana,GUF,2020,1050.384,,3061.429,6.2094116,2.4529786
French Guiana,GUF,2021,545.81805,,1420.8599,65.84704,1.456473
French Guiana,GUF,2022,888.5697,,2802.229,7.1288676,6.2857137
French Guiana,GUF,2023,1485.9481,,3524.1968,4.139501,4.5226917
Gabon,GAB,2001,,43.531643,13949.559,134.65495,99.47042
Gabon,GAB,2002,,53.133747,13073.961,39.866203,11.077914
Gabon,GAB,2003,,112.49303,15928.758,0.76814294,20.54038
Gabon,GAB,2004,,35.686623,9506.751,0.53770125,29.69511
Gabon,GAB,2005,,25.07657,16286.944,41.47912,224.6353
Gabon,GAB,2006,,2.6147711,18208.512,23.350945,23.232985
Gabon,GAB,2007,,156.46504,15232.844,26.346731,54.543365
Gabon,GAB,2008,,54.072712,16236.456,168.68214,97.08516
Gabon,GAB,2009,,144.39702,15517.674,5.6842246,55.543407
Gabon,GAB,2010,,95.51376,9781.663,47.62404,37.77273
Gabon,GAB,2011,,47.840656,17198.344,45.165936,178.32327
Gabon,GAB,2012,,83.90566,16864.172,0.23043367,72.23734
Gabon,GAB,2013,,123.976845,41965.48,21.43104,140.78217
Gabon,GAB,2014,,173.89597,44676.293,22.045362,101.778015
Gabon,GAB,2015,,43.294857,25017.336,14.594489,41.234417
Gabon,GAB,2016,,163.74226,31532.326,1.6130395,56.620575
Gabon,GAB,2017,,70.605156,37381.68,3.917435,115.85691
Gabon,GAB,2018,,43.151035,26301.82,0.30724472,62.467377
Gabon,GAB,2019,,48.37892,27973.543,0.30725068,44.081055
Gabon,GAB,2020,,39.4574,21248.37,35.718376,20.078714
Gabon,GAB,2021,,61.378704,17914.174,0.0768138,23.386738
Gabon,GAB,2022,,50.222855,29013.988,7.6046605,33.38774
Gabon,GAB,2023,,55.06379,19550.086,9.141016,35.926476
Gambia,GMB,2001,0,,2.922905,0.0749201,0.22476105
Gambia,GMB,2002,9.96448,,19.71022,3.068325,5.768654
Gambia,GMB,2003,1.5731658,,6.1452584,0.29955542,2.547457
Gambia,GMB,2004,2.2474918,,54.994495,2.6215057,2.9218206
Gambia,GMB,2005,0.67429566,,4.420911,0.22477257,0.22476
Gambia,GMB,2006,0.6743418,,3.9718864,0.74923545,0.8241381
Gambia,GMB,2007,4.1952095,,20.385494,7.193943,17.606094
Gambia,GMB,2008,14.985346,,200.56042,10.790505,70.127464
Gambia,GMB,2009,0.22483227,,3.9718966,2.5476556,2.0978072
Gambia,GMB,2010,1.1990081,,5.3200154,8.543051,8.540466
Gambia,GMB,2011,3.5956333,,18.885405,2.9975188,4.495085
Gambia,GMB,2012,0.974019,,27.954659,2.171958,9.5147295
Gambia,GMB,2013,0.8993292,,10.26829,0.5996237,0.37458935
Gambia,GMB,2014,0.44968706,,13.9420185,0.44953188,2.6221228
Gambia,GMB,2015,0,,1.0487825,2.3988874,6.5928082
Gambia,GMB,2016,0.5245986,,1.423551,2.0239398,1.1235467
Gambia,GMB,2017,2.1732025,,3.6719902,0.9745827,1.2735623
Gambia,GMB,2018,1.3488659,,1.3493932,2.8483365,0.59934634
Gambia,GMB,2019,7.9431834,,8.619498,2.9984212,0.5244687
Gambia,GMB,2020,1.2739712,,7.868995,0.7496051,0
Gambia,GMB,2021,6.4451528,,12.1426115,0.29988724,0
Gambia,GMB,2022,4.2717867,,11.843415,0.9741927,0
Gambia,GMB,2023,1.4237808,,9.594387,0.9745608,0.07491452
Georgia,GEO,2001,,275.3227,,35.035748,
Georgia,GEO,2002,,219.88193,,53.951214,
Georgia,GEO,2003,,104.31873,,0.23097876,
Georgia,GEO,2004,,960.54865,,456.6872,
Georgia,GEO,2005,,219.92624,,24.699041,
Georgia,GEO,2006,,239.16995,,32.045467,
Georgia,GEO,2007,,379.87988,,282.18497,
Georgia,GEO,2008,,162.9852,,307.31476,
Georgia,GEO,2009,,118.97647,,110.91104,
Georgia,GEO,2010,,398.82156,,68.5616,
Georgia,GEO,2011,,191.39696,,157.54662,
Georgia,GEO,2012,,199.65427,,19.213957,
Georgia,GEO,2013,,67.15864,,12.000325,
Georgia,GEO,2014,,33.850235,,21.057512,
Georgia,GEO,2015,,15.321822,,1.0386795,
Georgia,GEO,2016,,192.15224,,53.937607,
Georgia,GEO,2017,,86.61442,,24.681965,
Georgia,GEO,2018,,98.97101,,69.03108,
Georgia,GEO,2019,,85.830925,,2.4244893,
Georgia,GEO,2020,,143.28862,,1.3269463,
Georgia,GEO,2021,,231.28601,,4.2606196,
Georgia,GEO,2022,,203.45891,,1.0389339,
Georgia,GEO,2023,,744.94226,,4.175534,
Germany,DEU,2001,,14939.553,,145.1301,38.293297
Germany,DEU,2002,,15045.862,,111.0598,41.766712
Germany,DEU,2003,,6329.1797,,53.49526,16.360296
Germany,DEU,2004,,44392.36,,248.31425,85.05637
Germany,DEU,2005,,39057.316,,378.44086,86.4872
Germany,DEU,2006,,42033.74,,278.29834,89.08173
Germany,DEU,2007,,92573.71,,394.45224,128.05049
Germany,DEU,2008,,60923.406,,388.9298,121.75253
Germany,DEU,2009,,28274.068,,276.94446,40.938477
Germany,DEU,2010,,74466.016,,644.49854,163.07423
Germany,DEU,2011,,33692.973,,341.63126,53.747288
Germany,DEU,2012,,25517.688,,254.47581,49.54448
Germany,DEU,2013,,15253.712,,144.38863,22.360668
Germany,DEU,2014,,20512.654,,384.82132,29.276464
Germany,DEU,2015,,12709.759,,97.95877,37.37648
Germany,DEU,2016,,26479.854,,183.42345,56.141224
Germany,DEU,2017,,32467.893,,276.087,64.444984
Germany,DEU,2018,,51307.38,,650.9444,75.786125
Germany,DEU,2019,,105994.26,,1627.6401,206.77126
Germany,DEU,2020,,184696.89,,1706.5873,188.394
Germany,DEU,2021,,201235.84,,614.4124,131.13966
Germany,DEU,2022,,85763.92,,393.22806,78.28163
Germany,DEU,2023,,122515.41,,263.50555,92.30949
Ghana,GHA,2001,482.04895,25.41567,42109.457,36.476395,953.5618
Ghana,GHA,2002,1191.7295,25.811295,74461.19,23.955564,2667.3164
Ghana,GHA,2003,242.58377,8.654599,23714.344,6.9451575,978.0659
Ghana,GHA,2004,97.06374,6.3589435,16976.277,2.9817424,539.9631
Ghana,GHA,2005,297.34198,40.832607,40014.953,11.315898,976.07886
Ghana,GHA,2006,275.10098,13.94256,25979.094,6.9484334,853.9477
Ghana,GHA,2007,585.1058,13.326484,37980.035,8.549119,1579.5656
Ghana,GHA,2008,383.2783,6.208834,36138.37,14.901678,1301.0306
Ghana,GHA,2009,295.86166,13.411856,36489.68,6.9618506,1442.8743
Ghana,GHA,2010,91.61896,5.362227,18909.217,9.298413,478.86676
Ghana,GHA,2011,446.1831,3.9828076,34607.426,10.9358425,1169.3755
Ghana,GHA,2012,368.05603,10.037696,34983.656,4.4355745,1253.5117
Ghana,GHA,2013,885.72034,16.235655,77880.336,10.189207,2404.308
Ghana,GHA,2014,1160.6615,26.663986,116305.82,5.815937,2777.6333
Ghana,GHA,2015,750.86584,14.253578,55519.45,3.063034,1118.1532
Ghana,GHA,2016,1629.7898,26.50794,114594.72,33.15472,2944.4275
Ghana,GHA,2017,1043.5203,26.814278,111857.914,11.414523,2339.207
Ghana,GHA,2018,1232.3652,57.855804,147913.81,23.98185,2209.5671
Ghana,GHA,2019,1064.4193,21.834738,85434.46,12.566211,1721.3861
Ghana,GHA,2020,1232.7703,26.669498,132481.12,26.204927,2829.0452
Ghana,GHA,2021,856.29614,16.16431,98314.65,19.844528,2169.9365
Ghana,GHA,2022,1132.9346,23.599741,115506.28,26.961908,1933.1908
Ghana,GHA,2023,1265.4143,38.853096,108680.23,36.167538,2549.5537
Greece,GRC,2001,,6063.939,0.9228213,6251.8174,0.99856335
Greece,GRC,2002,,2681.5942,3.3355181,2173.8918,0.47216445
Greece,GRC,2003,,1290.0067,8.227148,1071.3737,0.23942813
Greece,GRC,2004,,4163.978,0.7937029,2277.1897,
Greece,GRC,2005,,2253.9128,6.049176,1746.7047,0.29365665
Greece,GRC,2006,,3303.3745,3.8430636,3760.1223,0.05874163
Greece,GRC,2007,,6780.781,3.0468252,38922.36,0.124050364
Greece,GRC,2008,,4969.6875,6.987479,15896.3125,
Greece,GRC,2009,,3086.4873,2.7657597,3240.412,0.1261437
Greece,GRC,2010,,3372.3206,5.7708797,4214.265,
Greece,GRC,2011,,3293.952,2.104526,2662.8745,
Greece,GRC,2012,,6269.409,107.05575,6606.644,
Greece,GRC,2013,,1796.8407,61.66558,3926.6282,0.1892388
Greece,GRC,2014,,2483.0205,1.6721252,1157.2651,
Greece,GRC,2015,,1972.6835,2.833683,1698.0841,0
Greece,GRC,2016,,2876.2893,18.582949,2990.5469,0.0610004
Greece,GRC,2017,,4022.0552,4.652622,4717.48,
Greece,GRC,2018,,3335.8167,2.4896157,3629.8423,
Greece,GRC,2019,,3387.8083,8.249345,4015.8098,
Greece,GRC,2020,,2638.0264,8.472871,2636.885,0.06304879
Greece,GRC,2021,,3655.3853,10.7001095,45258.75,
Greece,GRC,2022,,4222.387,2.8782167,5498.711,
Greece,GRC,2023,,40326.08,59.64156,5587.3306,0.24405968
Grenada,GRD,2001,,,31.30543,,
Grenada,GRD,2002,,,64.03129,,
Grenada,GRD,2003,,,69.01272,,
Grenada,GRD,2004,,,629.5875,,
Grenada,GRD,2005,,,45.83248,,
Grenada,GRD,2006,,,27.166023,,
Grenada,GRD,2007,,,63.37146,,
Grenada,GRD,2008,,,58.087475,,
Grenada,GRD,2009,,,92.33951,,
Grenada,GRD,2010,,,141.11385,,
Grenada,GRD,2011,,,39.282726,,
Grenada,GRD,2012,,,39.284237,,
Grenada,GRD,2013,,,24.679094,,
Grenada,GRD,2014,,,81.957016,,
Grenada,GRD,2015,,,6.4721503,,
Grenada,GRD,2016,,,58.094765,,
Grenada,GRD,2017,,,28.002132,,
Grenada,GRD,2018,,,107.85182,,
Grenada,GRD,2019,,,21.062977,,
Grenada,GRD,2020,,,16.404606,,
Grenada,GRD,2021,,,15.804129,,
Grenada,GRD,2022,,,20.169401,,
Grenada,GRD,2023,,,26.71468,,
Guadeloupe,GLP,2001,,,309.3879,,
Guadeloupe,GLP,2002,,,49.184673,,
Guadeloupe,GLP,2003,,,73.54807,,
Guadeloupe,GLP,2004,,,182.51846,,
Guadeloupe,GLP,2005,,,197.9264,,
Guadeloupe,GLP,2006,,,57.904427,,
Guadeloupe,GLP,2007,,,149.42633,,
Guadeloupe,GLP,2008,,,124.35849,,
Guadeloupe,GLP,2009,,,110.190384,,
Guadeloupe,GLP,2010,,,114.96172,,
Guadeloupe,GLP,2011,,,69.54407,,
Guadeloupe,GLP,2012,,,281.8792,,
Guadeloupe,GLP,2013,,,160.98637,,
Guadeloupe,GLP,2014,,,194.49458,,
Guadeloupe,GLP,2015,,,65.406525,,
Guadeloupe,GLP,2016,,,68.545685,,
Guadeloupe,GLP,2017,,,54.75353,,
Guadeloupe,GLP,2018,,,94.83261,,
Guadeloupe,GLP,2019,,,61.827023,,
Guadeloupe,GLP,2020,,,45.190403,,
Guadeloupe,GLP,2021,,,65.36623,,
Guadeloupe,GLP,2022,,,40.53839,,
Guadeloupe,GLP,2023,,,36.387035,,
Guatemala,GTM,2001,3692.4675,2544.9446,47018.555,,27.944313
Guatemala,GTM,2002,3258.543,3632.0422,48602.66,,79.36508
Guatemala,GTM,2003,14772.555,3017.8704,80297.37,,53.278175
Guatemala,GTM,2004,4783.1157,2943.644,48466.05,,205.65387
Guatemala,GTM,2005,12944.796,3940.9263,83828.62,,78.46369
Guatemala,GTM,2006,5290.6177,2251.4026,44828.934,,157.57843
Guatemala,GTM,2007,17430.645,5269.536,103616.03,,209.2226
Guatemala,GTM,2008,10325.942,3600.078,62990.926,,209.13702
Guatemala,GTM,2009,12577.875,4077.665,70091.67,,140.23997
Guatemala,GTM,2010,4763.1226,2518.495,52232.145,,124.81257
Guatemala,GTM,2011,3020.3904,2105.0442,35379.11,,48.879707
Guatemala,GTM,2012,5837.9375,2895.6997,74935.03,,229.6264
Guatemala,GTM,2013,4918.6597,1783.1385,48243.34,,50.522312
Guatemala,GTM,2014,6464.0083,1944.9922,53314.902,,80.62299
Guatemala,GTM,2015,8422.089,1745.6185,43843.008,,116.92014
Guatemala,GTM,2016,25083.707,4768.826,148308.58,,157.57025
Guatemala,GTM,2017,5331.6475,2820.1296,71458.55,,93.23229
Guatemala,GTM,2018,4451.3506,2396.4036,64175.887,,120.211136
Guatemala,GTM,2019,7558.3716,2307.304,80207.41,,97.26077
Guatemala,GTM,2020,20729.344,3191.2197,74508.32,,94.8744
Guatemala,GTM,2021,4132.2266,2145.782,43537.49,,52.680767
Guatemala,GTM,2022,5160.7407,1725.0469,39412.38,,83.98624
Guatemala,GTM,2023,13369.918,2320.0876,55364.082,,68.488365
Guinea,GIN,2001,0,95.59249,18406.695,33.3783,32.385586
Guinea,GIN,2002,0,24.731924,28834.045,41.026596,25.396997
Guinea,GIN,2010,0,18.382977,15943.848,30.797289,39.33169
Guinea,GIN,2011,0,5.143499,27552.078,44.86506,32.761063
Guinea,GIN,2014,0,589.6326,131742.7,202.76506,172.68542
Guinea,GIN,2021,0,501.44937,166403.64,265.21106,193.69481
Guinea,GIN,2022,0,435.4868,129363.03,265.4897,146.14934
Guinea,GIN,2023,0,611.38245,153052.14,301.94595,153.19914
Guinea,GIN,2003,,8.85529,9193.406,6.4359446,9.551603
Guinea,GIN,2004,,10.433543,17050.846,17.863937,53.75688
Guinea,GIN,2005,,20.50618,14407.807,64.80386,80.92483
Guinea,GIN,2006,,20.260426,15201.036,24.734283,56.88462
Guinea,GIN,2007,,29.11578,33606.957,37.82585,126.79933
Guinea,GIN,2008,,18.76081,21375.326,25.35561,47.61994
Guinea,GIN,2009,,61.847332,23192.014,50.77713,67.3513
Guinea,GIN,2012,,281.08173,24021.992,58.59274,104.13958
Guinea,GIN,2013,,485.1403,145026.9,315.11502,344.15912
Guinea,GIN,2015,,419.81613,160837.03,283.2921,274.33157
Guinea,GIN,2016,,691.1484,214542.2,426.30814,343.3342
Guinea,GIN,2017,,598.997,230150.75,462.148,349.32364
Guinea,GIN,2018,,710.4325,181490.61,391.78082,278.72144
Guinea,GIN,2019,,525.71674,192421.28,428.6259,295.1738
Guinea,GIN,2020,,783.13257,177058.2,313.508,241.54677
Guinea-Bissau,GNB,2001,0.52881545,10.184302,2312.101,27.726555,5.950974
Guinea-Bissau,GNB,2002,27.12001,42.166595,5803.6543,187.29272,11.2980795
Guinea-Bissau,GNB,2004,21.375673,12.899357,3426.6338,71.55919,4.5198545
Guinea-Bissau,GNB,2005,2.6420007,2.4893432,3863.736,56.756374,1.5817142
Guinea-Bissau,GNB,2006,8.155629,13.880693,1930.6523,57.670773,6.101572
Guinea-Bissau,GNB,2007,0.15096343,16.371939,5858.8735,164.41248,3.615516
Guinea-Bissau,GNB,2008,2.6421206,11.238229,3126.0388,98.72348,8.587314
Guinea-Bissau,GNB,2009,17.965733,109.22772,7330.697,392.08478,102.594215
Guinea-Bissau,GNB,2010,13.285283,48.878662,4567.5894,234.94911,35.25147
Guinea-Bissau,GNB,2011,0.22663358,15.764902,4141.8643,113.17107,11.148163
Guinea-Bissau,GNB,2012,2.566576,28.133318,3257.59,217.35783,4.5946712
Guinea-Bissau,GNB,2013,59.55837,230.9985,19353.39,1019.2098,30.42989
Guinea-Bissau,GNB,2014,29.363165,117.01273,11867.948,797.5091,12.051796
Guinea-Bissau,GNB,2015,21.663725,128.4685,11702.2705,800.2966,4.4441743
Guinea-Bissau,GNB,2016,59.178963,151.94899,15125.683,773.3137,8.737651
Guinea-Bissau,GNB,2017,132.91652,98.900475,15412.512,762.69476,16.873367
Guinea-Bissau,GNB,2018,28.306507,130.95589,13400.272,811.9475,14.161429
Guinea-Bissau,GNB,2019,37.667004,120.31624,14700.254,732.7439,17.927668
Guinea-Bissau,GNB,2020,36.987755,159.16563,15995.302,892.8994,14.16114
Guinea-Bissau,GNB,2021,16.229216,130.56992,12903.974,607.0268,21.31715
Guinea-Bissau,GNB,2022,7.4728503,127.787186,8932.237,683.81287,23.500996
Guinea-Bissau,GNB,2023,44.007877,80.63359,10850.63,468.80975,32.76763
Guinea-Bissau,GNB,2003,,0.15089579,1015.24194,5.956822,0.37660867
Guyana,GUY,2001,1864.9235,,7807.416,28.14865,
Guyana,GUY,2002,1235.2535,,3295.8298,7.747272,0.0764032
Guyana,GUY,2003,2482.167,,4647.395,13.398922,
Guyana,GUY,2004,814.92914,,3029.7717,11.27853,0.07640347
Guyana,GUY,2005,1052.6239,,4472.3687,7.3398304,0.076405056
Guyana,GUY,2006,1274.3433,,4328.4116,9.198144,
Guyana,GUY,2007,1045.6332,,3891.7832,9.969201,0.076402076
Guyana,GUY,2008,1425.9177,,7539.1055,7.052584,
Guyana,GUY,2009,1488.3218,,6461.823,16.229605,5.4247108
Guyana,GUY,2010,1596.0265,,7849.9897,13.860881,
Guyana,GUY,2011,1315.1718,,6415.86,15.876089,0.3056164
Guyana,GUY,2012,2176.5347,,9383.79,39.637833,0.76404643
Guyana,GUY,2013,954.964,,5739.834,42.912567,
Guyana,GUY,2014,2008.4124,,9339.974,93.66259,1.3752825
Guyana,GUY,2015,2411.0452,,10276.184,28.552927,
Guyana,GUY,2016,7496.5996,,18083.428,194.28404,1.7573005
Guyana,GUY,2017,3068.776,,15673.457,31.082216,0.38201785
Guyana,GUY,2018,2872.5093,,8559.6455,22.248465,
Guyana,GUY,2019,5171.423,,16607.045,7.2787156,0.99325484
Guyana,GUY,2020,3195.3496,,12047.914,129.94102,0.15280601
Guyana,GUY,2021,920.7289,,8203.183,7.967134,0.61123645
Guyana,GUY,2022,894.8756,,9211.259,31.40267,
Guyana,GUY,2023,5865.8506,,21782.275,154.9009,0.30561823
Haiti,HTI,2001,64.31893,22.98483,2318.289,,25.194733
Haiti,HTI,2002,29.477777,12.44513,1996.7301,,53.913063
Haiti,HTI,2003,16.80848,8.052413,1013.06506,,16.052042
Haiti,HTI,2004,80.56398,10.175384,2163.043,,88.05728
Haiti,HTI,2005,39.755253,9.443729,1859.1943,,99.33155
Haiti,HTI,2006,19.447956,0.21953923,1088.5245,,31.640219
Haiti,HTI,2007,24.019632,7.613389,1979.1213,,40.890987
Haiti,HTI,2008,37.97538,38.58053,2015.0208,,55.547066
Haiti,HTI,2009,28.447327,10.834288,2335.1987,,53.542862
Haiti,HTI,2010,52.099255,3.8067024,1925.6743,,69.560394
Haiti,HTI,2011,23.145174,12.44546,2391.5981,,89.27831
Haiti,HTI,2012,36.02506,80.671616,3879.7256,,211.73828
Haiti,HTI,2013,31.83802,1.244496,2946.0466,,161.99156
Haiti,HTI,2014,116.027374,3.1478243,3534.4058,,155.25629
Haiti,HTI,2015,8.8640585,18.154583,2975.7754,,53.098618
Haiti,HTI,2016,25.823723,4.0991435,17045.715,,104.939156
Haiti,HTI,2017,69.99173,4.9764905,5295.7036,,80.19747
Haiti,HTI,2018,62.935722,4.098951,3924.4565,,115.59725
Haiti,HTI,2019,14.667462,0.8783741,4331.0693,,30.816048
Haiti,HTI,2020,47.78212,4.1724358,3685.4685,,50.118793
Haiti,HTI,2021,16.506193,0.58559483,2329.1921,,54.12329
Haiti,HTI,2022,11.9918,1.61038,1765.0552,,55.17755
Haiti,HTI,2023,31.319143,2.8540928,2452.055,,66.13286
High-income countries,,2001,31338.1,3895109,56308.87,2005868,112839.9
High-income countries,,2002,28039.732,3950916,47709.234,4062229.8,105228.15
High-income countries,,2003,26732.55,3250835.5,37142.316,3824063.2,91809.73
High-income countries,,2004,33306.21,5130483,47470.227,4876252,140704.45
High-income countries,,2005,33039.25,4902446.5,50811.203,3469962.5,134518.8
High-income countries,,2006,34312.605,4735527,65248.504,3598423.2,142840.16
High-income countries,,2007,33508.547,5069731.5,57628.78,3194276.2,132747.62
High-income countries,,2008,39395.004,4823171,87744.36,3682560.8,106679.86
High-income countries,,2009,30406.863,4032399.8,81182.88,2393496.2,76872.67
High-income countries,,2010,25783.29,4537429.5,53393.44,3048257.2,83357.21
High-income countries,,2011,29216.004,4430840.5,60698.285,3453307.5,76767.68
High-income countries,,2012,76011,5204990.5,61821.47,5869562.5,98617.016
High-income countries,,2013,26064.47,4024511.8,42656.32,6550010.5,81116.84
High-income countries,,2014,35825.88,4558563,64310.203,5635210,91214.33
High-income countries,,2015,23438.738,4299291.5,41579.184,4227507,85582.36
High-income countries,,2016,35269,5774810,76258.97,5452604.5,118725.625
High-income countries,,2017,41140.87,6329742,155628.92,5728693,136801.88
High-income countries,,2018,26891.74,5484549,75049.055,6017482.5,122508.445
High-income countries,,2019,78285.69,5860775,82974.805,5254733.5,114044
High-income countries,,2020,44517.17,5890654,67407.586,6633546.5,110166.43
High-income countries,,2021,36678.625,5567770.5,57732.07,7354279.5,109920.61
High-income countries,,2022,22162.102,5148204.5,57583.21,5194713,99184.05
High-income countries,,2023,37203.93,6034118,102894.914,8960033,84116.94
Honduras,HND,2001,1901.5253,21.826252,40432.105,17.650696,2.2970824
Honduras,HND,2002,2241.2993,49.797985,29208.979,14.7554455,2.5194502
Honduras,HND,2003,2220.5955,35.4727,31352.295,4.522759,6.8171983
Honduras,HND,2004,2144.3606,112.84344,24164.346,17.280787,5.6309414
Honduras,HND,2005,5006.376,78.295235,35313.402,36.922295,5.0388575
Honduras,HND,2006,4861.6934,131.84764,36569.758,34.698074,9.707277
Honduras,HND,2007,3408.64,107.428825,38832.145,25.43531,14.00374
Honduras,HND,2008,4113.2188,71.4887,39019.55,67.99692,15.634524
Honduras,HND,2009,6053.794,51.216278,45321.734,47.608284,12.226322
Honduras,HND,2010,6757.3374,71.81774,39141.254,81.34857,2.9640043
Honduras,HND,2011,6393.2324,61.09496,45981.03,107.89427,15.338128
Honduras,HND,2012,2405.5076,39.564617,29821.668,23.2091,4.7419224
Honduras,HND,2013,6438.0215,185.88268,36926.406,57.766888,11.04099
Honduras,HND,2014,9484.767,234.32864,47558.387,131.5334,55.79891
Honduras,HND,2015,5801.567,247.72656,44006.56,161.63797,20.303375
Honduras,HND,2016,16065.751,75.295235,172046.38,214.34215,30.677778
Honduras,HND,2017,14366.759,84.969475,98645.89,309.79376,51.499462
Honduras,HND,2018,13592.299,70.49581,62174.562,372.81644,23.711998
Honduras,HND,2019,14713.657,225.22702,66117.5,317.5512,24.156565
Honduras,HND,2020,17575.455,66.1424,75380.984,518.2994,68.69062
Honduras,HND,2021,14385.278,92.10782,54605.793,265.9516,83.73258
Honduras,HND,2022,11105.974,35.73324,46007.23,162.3015,22.45241
Honduras,HND,2023,21364.088,68.36226,62170.95,819.0562,20.526093
Hong Kong,HKG,2001,,5.344298,0.21402943,,1.496065
Hong Kong,HKG,2002,,14.114859,0.14272408,,0.56991047
Hong Kong,HKG,2003,,6.0595036,,,0.56987524
Hong Kong,HKG,2004,,16.678457,0.07134837,,0.35638702
Hong Kong,HKG,2005,,5.844323,1.0702897,,0.2136589
Hong Kong,HKG,2006,,5.629835,,,2.4954748
Hong Kong,HKG,2007,,9.905326,6.278609,,2.4959893
Hong Kong,HKG,2008,,21.881779,0.3567233,,2.06733
Hong Kong,HKG,2009,,41.268764,0.071342275,,2.2810073
Hong Kong,HKG,2010,,10.260658,0.21405281,,0.8552316
Hong Kong,HKG,2011,,9.764534,0.14271638,,1.5678209
Hong Kong,HKG,2012,,7.19973,,,1.5680889
Hong Kong,HKG,2013,,2.8503723,,,1.2828046
Hong Kong,HKG,2014,,22.94551,,,0.9977604
Hong Kong,HKG,2015,,19.229925,,,2.7083702
Hong Kong,HKG,2016,,21.660585,,,15.605775
Hong Kong,HKG,2017,,78.181625,,,8.122972
Hong Kong,HKG,2018,,90.18548,1.8554239,,53.93908
Hong Kong,HKG,2019,,18.52218,0.1427247,,4.5590096
Hong Kong,HKG,2020,,57.43328,,,12.464328
Hong Kong,HKG,2021,,20.815207,,,34.420784
Hong Kong,HKG,2022,,41.399776,,,12.615326
Hong Kong,HKG,2023,,55.77301,2.9253757,,7.4096274
Hungary,HUN,2001,,7463.7,,6.118817,6.0782323
Hungary,HUN,2002,,7637.9663,,4.4453535,8.221507
Hungary,HUN,2003,,5687.9663,,7.2915764,8.014445
Hungary,HUN,2004,,11911.244,,30.254759,10.729663
Hungary,HUN,2005,,10296.787,,32.271877,8.481687
Hungary,HUN,2006,,7921.4062,,16.082739,13.8587055
Hungary,HUN,2007,,9218.757,,15.126828,13.247685
Hungary,HUN,2008,,8839.101,,10.975779,2.464434
Hungary,HUN,2009,,9948.52,,20.192654,18.353413
Hungary,HUN,2010,,11122.115,,28.727055,12.208508
Hungary,HUN,2011,,8158.6816,,14.983222,5.3475122
Hungary,HUN,2012,,11763.777,,51.317253,10.634348
Hungary,HUN,2013,,8895.557,,1.8197087,15.759421
Hungary,HUN,2014,,14984.554,,13.868145,25.482054
Hungary,HUN,2015,,10615.712,,14.5227785,13.550602
Hungary,HUN,2016,,13902.294,,33.17064,17.118439
Hungary,HUN,2017,,13973.88,,30.821419,19.373602
Hungary,HUN,2018,,13688.303,,16.016745,19.692608
Hungary,HUN,2019,,14250.003,,10.717126,15.174278
Hungary,HUN,2020,,11895.165,,32.044098,10.891754
Hungary,HUN,2021,,13656.927,,34.14671,10.454222
Hungary,HUN,2022,,14707.305,,13.007555,8.919312
Hungary,HUN,2023,,19650.29,,1.9101237,38.938984
India,IND,2001,11.729602,49691.383,8862.936,352.62366,358.03644
India,IND,2002,10.713384,41867.875,8407.009,429.50842,296.51813
India,IND,2003,18.689367,37577.953,8409.077,373.053,139.87662
India,IND,2004,32.875946,58877.47,11253.858,616.9253,463.82553
India,IND,2005,14.860702,48967.03,10538.267,706.59247,347.3621
India,IND,2006,14.3691025,49422.168,14151.853,772.8371,858.0838
India,IND,2007,2.5667999,54543.113,15735.945,1004.2035,636.87317
India,IND,2008,28.898434,62594.543,19305.082,1170.2891,735.7004
India,IND,2009,18.027754,57392.836,17180.336,1519.9501,454.0787
India,IND,2010,7.587481,40906.02,7742.424,331.57324,498.81924
India,IND,2011,39.44196,59528.168,25640.887,727.92017,551.2319
India,IND,2012,54.092022,73871.67,15986.316,1288.0123,642.9674
India,IND,2013,73.9911,71075.91,8127.8545,789.6355,251.72421
India,IND,2014,105.81062,122543.32,14072.2705,1368.2693,424.19766
India,IND,2015,212.05324,107651.1,7449.4736,449.18704,292.88995
India,IND,2016,384.06506,159080.81,14206.807,598.5699,613.4649
India,IND,2017,336.82336,166339.44,20509.271,930.2025,640.5553
India,IND,2018,226.98848,113799.305,16643.287,642.6876,415.68588
India,IND,2019,260.68423,101819.75,17063.572,883.83527,456.8967
India,IND,2020,228.05809,118736.56,17031.838,672.5666,503.4294
India,IND,2021,175.30522,118340.8,12641.37,613.7397,488.0674
India,IND,2022,157.92525,104415.44,16283.993,790.8495,614.3841
India,IND,2023,213.8072,116050.01,25507.605,782.97455,842.7166
Indonesia,IDN,2001,619308.94,91110.88,29242.986,,2528.5676
Indonesia,IDN,2002,713472.8,102535.59,35715.348,,1560.2168
Indonesia,IDN,2003,438369.16,79856.72,24436.889,,997.2542
Indonesia,IDN,2004,1128174.9,116211.29,40793.94,,2046.6777
Indonesia,IDN,2005,1043874.3,103195.46,32378.879,,1567.1982
Indonesia,IDN,2006,1270948.1,115364.37,41789.17,,3176.2527
Indonesia,IDN,2007,1212539.8,124145.47,47039.84,,2380.786
Indonesia,IDN,2008,1232831.9,119373.7,40374.82,,2261.6128
Indonesia,IDN,2009,1682178.5,207226.97,50047.027,,3193.0054
Indonesia,IDN,2010,1118915,124531.086,31416.69,,2573.6145
Indonesia,IDN,2011,1338762.1,153805.28,46123.266,,2820.7434
Indonesia,IDN,2012,1963050.4,212159.28,77235.6,,3767.7964
Indonesia,IDN,2013,982505.4,118160.58,36151.754,,1056.3352
Indonesia,IDN,2014,1591034.8,223939.48,73537,,2564.0864
Indonesia,IDN,2015,1433875.4,217949.52,89960.52,,1894.2007
Indonesia,IDN,2016,1984611.8,319397.1,111244.33,,2646.376
Indonesia,IDN,2017,1053636.1,183125.84,57853,,3327.913
Indonesia,IDN,2018,973310.44,186635.94,53901.91,,2849.4023
Indonesia,IDN,2019,940524.8,175462.31,55098.31,,3472.1653
Indonesia,IDN,2020,777198.3,139582.84,40798.266,,2428.513
Indonesia,IDN,2021,688852.5,114074.984,34578.34,,1991.5137
Indonesia,IDN,2022,731617.25,116001.72,33893.734,,1930.5117
Indonesia,IDN,2023,1159141.4,186203.48,45761.47,,3758.9346
Iran,IRN,2001,,20.007416,18.36687,,
Iran,IRN,2002,,54.381687,28.427055,,
Iran,IRN,2003,,14.957561,96.35711,,
Iran,IRN,2004,,11.34075,4.2147818,,
Iran,IRN,2005,,22.592632,18.016104,,
Iran,IRN,2006,,16.186167,10.737991,,
Iran,IRN,2007,,16.868599,11.621536,,
Iran,IRN,2008,,110.480576,16.244122,,
Iran,IRN,2009,,20.936182,7.7677,,
Iran,IRN,2010,,30.755472,7.668297,,
Iran,IRN,2011,,27.520702,10.067922,,
Iran,IRN,2012,,13.793052,40.117702,,
Iran,IRN,2013,,1.783251,6.528615,,
Iran,IRN,2014,,13.091651,0.54562265,,
Iran,IRN,2016,,1.111467,,,
Iran,IRN,2017,,15.759316,2.2225823,,
Iran,IRN,2018,,30.157162,,,
Iran,IRN,2019,,66.99983,0.7409701,,
Iran,IRN,2020,,2.1994214,,,
Iran,IRN,2021,,15.884522,0.18529083,,
Iran,IRN,2022,,79.99848,,,
Iran,IRN,2023,,123.98527,6.5572886,,
Iraq,IRQ,2002,,,0.06204368,,
Iraq,IRQ,2003,,,0.37245673,,
Iraq,IRQ,2007,,,0.12323476,,
Iraq,IRQ,2008,,,6.286326,,
Iraq,IRQ,2009,,,0.81770325,,
Iraq,IRQ,2010,,,2.1104488,,
Iraq,IRQ,2011,,,0.5583902,,
Iraq,IRQ,2012,,,0.61877793,,
Iraq,IRQ,2013,,,0.678712,,
Iraq,IRQ,2014,,,0.43312848,,
Iraq,IRQ,2019,,,0.062097214,,
Iraq,IRQ,2023,,,2.050134,,
Ireland,IRL,2001,,8537.245,15.230459,381.90527,46.75903
Ireland,IRL,2002,,4903.0547,15.706041,195.30809,16.930658
Ireland,IRL,2003,,2177.067,0.18894695,44.847492,0.28733096
Ireland,IRL,2004,,6380.3623,7.4595723,298.42456,15.486791
Ireland,IRL,2005,,7692.741,17.26717,220.72166,22.782053
Ireland,IRL,2006,,4888.8623,8.273122,216.65881,11.122848
Ireland,IRL,2007,,10895.435,29.16789,493.90613,5.706172
Ireland,IRL,2008,,6564.251,12.883588,230.98296,13.959428
Ireland,IRL,2009,,6816.382,2.509144,239.37794,5.99364
Ireland,IRL,2010,,3597.8484,13.304688,148.5995,7.148851
Ireland,IRL,2011,,2827.6526,10.302959,144.40317,1.3434447
Ireland,IRL,2012,,5522.7744,0.97795874,186.13208,11.130721
Ireland,IRL,2013,,4579.7964,6.000346,102.29515,8.876396
Ireland,IRL,2014,,5573.188,15.630278,69.87554,4.6544766
Ireland,IRL,2015,,4376.808,,37.636105,1.9674073
Ireland,IRL,2016,,9174.404,4.0463114,111.67821,
Ireland,IRL,2017,,5865.821,7.0687594,130.63712,2.9740586
Ireland,IRL,2018,,8091.494,2.7964745,169.23566,8.733763
Ireland,IRL,2019,,10045.52,8.36896,210.40457,8.685772
Ireland,IRL,2020,,6007.1157,1.1732244,89.15535,17.664259
Ireland,IRL,2021,,8514.667,1.2015427,147.16185,10.077856
Ireland,IRL,2022,,6608.1807,5.116789,73.64695,2.5431538
Ireland,IRL,2023,,6702.34,29.749607,124.87056,3.1667008
Isle of Man,IMN,2001,,14.431786,,,
Isle of Man,IMN,2002,,8.99118,,,
Isle of Man,IMN,2003,,1.5450393,,,
Isle of Man,IMN,2004,,6.989896,,,
Isle of Man,IMN,2005,,6.7079506,,,
Isle of Man,IMN,2006,,24.927,,,
Isle of Man,IMN,2007,,24.805758,,,
Isle of Man,IMN,2009,,38.278183,,,
Isle of Man,IMN,2010,,41.423153,,,
Isle of Man,IMN,2011,,11.313283,,,
Isle of Man,IMN,2012,,29.623985,,,
Isle of Man,IMN,2013,,15.1544485,,,
Isle of Man,IMN,2014,,37.351696,,,
Isle of Man,IMN,2015,,7.9848375,,,
Isle of Man,IMN,2016,,10.536708,,,
Isle of Man,IMN,2017,,15.076449,,,
Isle of Man,IMN,2018,,11.836518,,,
Isle of Man,IMN,2019,,19.70501,,,
Isle of Man,IMN,2020,,5.7204647,,,
Isle of Man,IMN,2021,,13.982238,,,
Isle of Man,IMN,2022,,12.985391,,,
Isle of Man,IMN,2023,,7.122926,,,
Israel,ISR,2001,,129.19992,2.162432,,12.438302
Israel,ISR,2002,,100.75616,2.4051769,,5.231654
Israel,ISR,2003,,25.136358,0.26297402,,2.354527
Israel,ISR,2004,,52.728264,5.904851,,3.6680288
Israel,ISR,2005,,127.65958,4.319127,,2.750067
Israel,ISR,2006,,112.27031,13.093221,,5.2351437
Israel,ISR,2007,,39.277782,1.95284,,3.2033696
Israel,ISR,2008,,57.067505,1.2391068,,2.5544906
Israel,ISR,2009,,78.4374,4.4538956,,7.0659475
Israel,ISR,2010,,74.87303,3.3464382,,6.4045177
Israel,ISR,2011,,1049.8555,9.378329,,2.8766403
Israel,ISR,2012,,41.367992,2.363181,,3.664628
Israel,ISR,2013,,40.483967,1.5069675,,3.1502116
Israel,ISR,2014,,112.75814,6.179522,,2.4914253
Israel,ISR,2015,,48.38277,2.0993161,,0.78574437
Israel,ISR,2016,,58.117645,2.5962422,,1.3098898
Israel,ISR,2017,,93.737946,2.5387719,,2.5498178
Israel,ISR,2018,,19.966585,14.125911,,5.5626574
Israel,ISR,2019,,38.47094,11.965777,,3.5319405
Israel,ISR,2020,,44.57512,0.84948814,,0.6534068
Israel,ISR,2021,,23.56366,3.1660633,,1.0452394
Israel,ISR,2022,,71.28186,0.5815129,,8.058591
Israel,ISR,2023,,60.10845,0.3246311,,0.91571844
Italy,ITA,2001,,7456.697,762.4826,1101.7311,172.40022
Italy,ITA,2002,,9180.388,466.3237,935.11725,41.714363
Italy,ITA,2003,,2872.9106,235.06274,326.71704,47.20316
Italy,ITA,2004,,14537.198,934.5756,1150.7607,176.20657
Italy,ITA,2005,,9310.019,453.2133,849.53827,76.577415
Italy,ITA,2006,,7186.2026,515.3665,861.57086,113.7302
Italy,ITA,2007,,9072.63,850.671,1288.5505,138.66043
Italy,ITA,2008,,10879.663,1139.0868,2748.0828,116.27278
Italy,ITA,2009,,11789.711,947.2255,1469.3584,157.2436
Italy,ITA,2010,,14276.768,505.43054,718.7716,97.11713
Italy,ITA,2011,,9658.795,490.3031,970.4211,83.35608
Italy,ITA,2012,,18310.004,911.5528,1853.894,119.18392
Italy,ITA,2013,,12446.319,949.2332,1722.3259,127.13603
Italy,ITA,2014,,17133.34,754.8173,1546.3965,133.35846
Italy,ITA,2015,,12058.008,849.8139,893.9562,117.69328
Italy,ITA,2016,,20672.666,2139.6545,1466.721,161.0363
Italy,ITA,2017,,25861.047,4219.6553,3281.3994,345.1805
Italy,ITA,2018,,32316.299,2977.578,2619.287,441.32764
Italy,ITA,2019,,56358.55,1410.7462,1303.8932,277.73468
Italy,ITA,2020,,25809.396,721.12854,900.7832,581.39136
Italy,ITA,2021,,22183.492,1679.2921,3925.4548,246.92647
Italy,ITA,2022,,24876.078,1394.3174,1999.6287,215.63019
Italy,ITA,2023,,41185.355,2100.137,1005.22986,490.53778
Jamaica,JAM,2001,36.130238,52.650146,1151.3071,,5.933913
Jamaica,JAM,2002,57.32769,61.07394,1520.7441,,8.35175
Jamaica,JAM,2003,84.24209,32.415005,910.933,,0.21979961
Jamaica,JAM,2004,463.27612,155.2054,3269.5474,,3.9559143
Jamaica,JAM,2005,1654.8528,466.86322,5472.116,,0.21977066
Jamaica,JAM,2006,212.18219,129.17424,2454.7888,,1.4651521
Jamaica,JAM,2007,18.606354,29.3507,1221.0054,,0.21977076
Jamaica,JAM,2008,31.589808,81.58,1911.1854,,0.95239395
Jamaica,JAM,2009,77.91233,212.74323,3244.7683,,0.14652228
Jamaica,JAM,2010,91.687775,172.12862,2099.519,,0.36627278
Jamaica,JAM,2011,89.72297,84.587616,2210.252,,0.21978566
Jamaica,JAM,2012,30.712187,105.41856,2465.9424,,0.8058754
Jamaica,JAM,2013,85.600815,95.902275,1144.3354,,0.3662976
Jamaica,JAM,2014,368.29175,68.84651,2397.2483,,2.3443716
Jamaica,JAM,2015,90.50766,66.20997,2735.9697,,7.473361
Jamaica,JAM,2016,182.44568,70.075584,1733.2242,,2.4910579
Jamaica,JAM,2017,100.56681,107.23803,1965.9989,,1.1722981
Jamaica,JAM,2018,54.24261,74.10928,2100.985,,0.36632103
Jamaica,JAM,2019,125.57067,60.674725,2088.0977,,9.231211
Jamaica,JAM,2020,50.56219,69.49559,2041.1146,,6.226882
Jamaica,JAM,2021,44.84861,62.569397,1377.0968,,
Jamaica,JAM,2022,24.9195,32.26428,1066.8538,,9.158787
Jamaica,JAM,2023,30.490263,70.95811,1865.9303,,2.930852
Japan,JPN,2001,,23078.81,7.6838727,53.815865,120.62465
Japan,JPN,2002,,25188.424,3.316698,36.30373,150.82077
Japan,JPN,2003,,19318.08,5.4929028,27.72552,79.161934
Japan,JPN,2004,,35911.098,9.666086,106.64622,188.332
Japan,JPN,2005,,35267.8,5.704462,92.16273,153.00638
Japan,JPN,2006,,37958.234,23.511896,30.315048,184.27077
Japan,JPN,2007,,44323.1,14.135683,77.80446,211.21729
Japan,JPN,2008,,39550.734,14.924823,117.37863,227.89288
Japan,JPN,2009,,40060.812,6.658285,82.49393,136.30122
Japan,JPN,2010,,34832.76,8.142811,56.884346,157.49164
Japan,JPN,2011,,35007.566,7.5242023,162.91345,102.59236
Japan,JPN,2012,,44281.85,6.5049496,61.858566,319.94037
Japan,JPN,2013,,22675.328,1.0362905,47.248684,53.633755
Japan,JPN,2014,,27526.383,8.328523,42.38825,86.704254
Japan,JPN,2015,,30678.695,0.8189146,28.390392,95.146576
Japan,JPN,2016,,53894.89,6.830988,82.31899,166.61505
Japan,JPN,2017,,46614.613,1.1364737,130.89789,124.753296
Japan,JPN,2018,,49585.383,0.25333974,199.98953,160.47536
Japan,JPN,2019,,50520.684,12.474821,136.72025,171.5384
Japan,JPN,2020,,47232.914,0.19007713,126.702446,183.77318
Japan,JPN,2021,,47805.418,0.76020557,66.90014,161.9766
Japan,JPN,2022,,53185.23,0.31525058,19.133972,133.07608
Japan,JPN,2023,,50359.395,1.1317885,5.1511354,122.8659
Kazakhstan,KAZ,2001,,1529.1116,,1045.7695,4.3447814
Kazakhstan,KAZ,2002,,1191.515,,544.53796,3.8585742
Kazakhstan,KAZ,2003,,1157.4244,,1662.9404,2.087399
Kazakhstan,KAZ,2004,,2482.7231,,1978.0413,3.1565955
Kazakhstan,KAZ,2005,,2123.8381,,413.6129,6.1467986
Kazakhstan,KAZ,2006,,1287.488,,1013.00854,9.309471
Kazakhstan,KAZ,2007,,2765.7769,,854.94745,40.011738
Kazakhstan,KAZ,2008,,2880.851,,582.56976,30.260843
Kazakhstan,KAZ,2009,,2640.511,,1498.3264,14.643837
Kazakhstan,KAZ,2010,,1757.1793,,305.97128,3.10266
Kazakhstan,KAZ,2011,,3292.8662,,169.41605,2.2007985
Kazakhstan,KAZ,2012,,1566.2357,,231.98602,1.6920062
Kazakhstan,KAZ,2013,,2109.5723,,100.454185,0.2654533
Kazakhstan,KAZ,2014,,514.614,,2.0156724,
Kazakhstan,KAZ,2015,,162.40846,,0.34355155,
Kazakhstan,KAZ,2016,,984.2936,,81.27052,
Kazakhstan,KAZ,2017,,753.12256,,8.645625,0.6203509
Kazakhstan,KAZ,2018,,936.768,,3.5009997,
Kazakhstan,KAZ,2019,,1092.5787,,1.7881788,
Kazakhstan,KAZ,2020,,1577.1101,,8.195631,0.2256798
Kazakhstan,KAZ,2021,,592.0426,,1.3290341,1.2402248
Kazakhstan,KAZ,2022,,3255.4592,,58.975307,
Kazakhstan,KAZ,2023,,17764.654,,2203.4795,1.015388
Kenya,KEN,2001,156.62515,2383.057,15342.174,446.1357,472.3675
Kenya,KEN,2002,418.49817,2405.2832,16434.139,704.112,235.83989
Kenya,KEN,2003,239.86015,1682.57,10950.419,202.38167,345.44812
Kenya,KEN,2004,151.861,1140.6918,15123.997,239.45932,240.1229
Kenya,KEN,2005,198.93924,1283.8848,10682.972,146.52336,292.8355
Kenya,KEN,2006,131.1669,1629.6138,18138.861,353.98077,322.44897
Kenya,KEN,2007,196.0183,2523.8845,22038.303,475.55447,703.311
Kenya,KEN,2008,91.39304,1615.4098,16660.764,240.2013,510.63455
Kenya,KEN,2009,152.63039,1124.8807,15667.662,193.71802,402.0638
Kenya,KEN,2010,119.011925,1170.6942,20339.6,368.54504,535.9888
Kenya,KEN,2011,108.625946,1816.5831,14550.341,365.9985,291.33078
Kenya,KEN,2012,100.77874,2113.1938,14544.802,409.68677,536.666
Kenya,KEN,2013,94.93042,2009.8993,10766.644,166.13783,348.69003
Kenya,KEN,2014,80.161766,1988.0476,12547.908,186.0936,370.41415
Kenya,KEN,2015,109.16336,3175.9897,11906.796,165.30623,205.03331
Kenya,KEN,2016,106.62302,3727.547,14340.761,594.3255,224.07103
Kenya,KEN,2017,125.47281,4006.7756,16449.19,837.95416,622.2608
Kenya,KEN,2018,120.93577,1652.566,13397.407,348.47345,330.81796
Kenya,KEN,2019,119.85398,1051.6995,13256.892,325.67612,1149.5309
Kenya,KEN,2020,71.234825,1233.8009,15971.303,188.14825,1432.2487
Kenya,KEN,2021,59.61953,382.6207,6697.322,98.515564,274.69772
Kenya,KEN,2022,28.001774,394.86127,5722.6284,91.364334,359.72018
Kenya,KEN,2023,149.62282,1067.1141,9344.533,145.52176,537.35645
Kosovo,OWID_KOS,2001,,997.6248,23.462996,91.78609,
Kosovo,OWID_KOS,2002,,208.49754,0.4000199,5.2647843,
Kosovo,OWID_KOS,2003,,254.6898,0.74150807,4.406162,
Kosovo,OWID_KOS,2004,,542.0093,1.0871978,25.786575,
Kosovo,OWID_KOS,2005,,292.55994,1.8291323,15.942646,
Kosovo,OWID_KOS,2006,,464.54495,3.1429567,31.111328,
Kosovo,OWID_KOS,2007,,708.6015,6.1166005,90.505196,
Kosovo,OWID_KOS,2008,,1088.9105,3.3744247,46.238228,
Kosovo,OWID_KOS,2009,,719.3858,37.9691,17.423622,
Kosovo,OWID_KOS,2010,,452.7753,7.491043,5.722661,
Kosovo,OWID_KOS,2011,,749.1463,15.155556,36.268112,
Kosovo,OWID_KOS,2012,,1571.86,19.784988,110.19167,
Kosovo,OWID_KOS,2013,,745.0666,10.00229,10.260457,
Kosovo,OWID_KOS,2014,,737.8583,5.6529036,14.767692,
Kosovo,OWID_KOS,2015,,456.5208,4.059032,9.682783,
Kosovo,OWID_KOS,2016,,871.4058,8.981569,28.819891,
Kosovo,OWID_KOS,2017,,612.72723,5.540339,6.2011433,
Kosovo,OWID_KOS,2018,,582.2961,6.6799765,4.175799,
Kosovo,OWID_KOS,2019,,678.69666,9.535725,7.3317094,
Kosovo,OWID_KOS,2020,,927.77814,5.5334477,34.908665,
Kosovo,OWID_KOS,2021,,507.55576,5.0727024,7.432944,
Kosovo,OWID_KOS,2022,,767.84644,4.904391,5.44058,
Kosovo,OWID_KOS,2023,,1431.2694,15.851558,17.231455,
Kyrgyzstan,KGZ,2001,,233.09467,5.039106,,
Kyrgyzstan,KGZ,2002,,25.521263,1.0076596,,
Kyrgyzstan,KGZ,2003,,2.9032633,0.41529587,,
Kyrgyzstan,KGZ,2004,,28.41329,0.5929157,,
Kyrgyzstan,KGZ,2005,,3.1913214,0.71147186,,
Kyrgyzstan,KGZ,2006,,2.332959,1.3042277,,
Kyrgyzstan,KGZ,2007,,23.326967,,,
Kyrgyzstan,KGZ,2008,,9.100232,0.53375524,,
Kyrgyzstan,KGZ,2009,,8.2850685,2.6668847,,
Kyrgyzstan,KGZ,2010,,139.68616,0.118554674,,
Kyrgyzstan,KGZ,2011,,37.458908,,,
Kyrgyzstan,KGZ,2012,,6.5520563,0.23700322,,
Kyrgyzstan,KGZ,2013,,0.4558912,,,
Kyrgyzstan,KGZ,2017,,2.0494807,,,
Kyrgyzstan,KGZ,2019,,4.1550136,,,
Kyrgyzstan,KGZ,2020,,2.1629543,,,
Kyrgyzstan,KGZ,2021,,5.2370453,,,
Kyrgyzstan,KGZ,2022,,11.829827,,,
Kyrgyzstan,KGZ,2023,,41.566143,50.53466,,0.17204294
Kyrgyzstan,KGZ,2014,,,,,0.45877907
Laos,LAO,2001,7692.009,16529.04,12245.484,,0.07326337
Laos,LAO,2002,12756.982,24602.113,18568.562,,
Laos,LAO,2003,19777.09,39377.37,27906.396,,
Laos,LAO,2004,13017.941,28978.074,22243.426,,
Laos,LAO,2005,14925.474,29467.055,23914.555,,0.14653575
Laos,LAO,2006,26122.133,52400.633,44139.926,,0.36637092
Laos,LAO,2007,29693.725,61207.953,42082.156,,
Laos,LAO,2008,15954.385,37477.28,27147.785,,0.21977076
Laos,LAO,2009,29686.037,69497.875,46318.844,,
Laos,LAO,2010,35522.36,75589.79,55961.98,,0.73251295
Laos,LAO,2011,25551.502,61512.223,43849.22,,
Laos,LAO,2012,32133.709,67677.49,47699.867,,0
Laos,LAO,2013,49730.973,86192.35,69664.945,,0.073259726
Laos,LAO,2014,57503.11,101886.05,84404.57,,0.07325151
Laos,LAO,2015,65017.332,119751.39,100229.03,,
Laos,LAO,2016,90905.32,169162.58,127907.61,,
Laos,LAO,2017,78324.36,151506.12,119268.92,,
Laos,LAO,2018,64838.156,126103.22,103714.04,,
Laos,LAO,2019,81922.55,154061.1,128720.71,,
Laos,LAO,2020,77289.41,151573.77,128654.81,,0.21979225
Laos,LAO,2021,69315.42,136608.25,111625.64,,0
Laos,LAO,2022,68104.81,139632.75,113941.59,,
Laos,LAO,2023,94707.24,186785.5,163972.56,,0
Latvia,LVA,2001,,24900.184,5.332128,,0.38141397
Latvia,LVA,2002,,29168.576,0.63449615,4.0697007,0.76252854
Latvia,LVA,2003,,21316.787,0.3805911,,0.16953446
Latvia,LVA,2004,,30634.582,0.76120645,0.041942347,0.8054448
Latvia,LVA,2005,,40709.8,0.25347584,0.29358965,0.6778601
Latvia,LVA,2006,,38879.58,2.6643453,0.7133609,3.646002
Latvia,LVA,2007,,36110.523,2.9594715,1.0488263,2.20547
Latvia,LVA,2008,,29302.549,0.33850318,0.50367063,3.2217534
Latvia,LVA,2009,,34892.758,11.92331,,3.9429746
Latvia,LVA,2010,,48489.043,0.9301496,0.20978814,1.993039
Latvia,LVA,2011,,44730.316,2.1991172,,0.9319812
Latvia,LVA,2012,,34274.5,2.156608,,3.6871054
Latvia,LVA,2013,,27760.459,0.3806345,,1.6540772
Latvia,LVA,2014,,32195.775,4.0166407,,1.5262002
Latvia,LVA,2015,,30819.88,3.1727974,,4.3258147
Latvia,LVA,2016,,44928.367,5.538942,0.5453929,4.493651
Latvia,LVA,2017,,47075.586,0.46528485,0.25169343,2.2879655
Latvia,LVA,2018,,46869.203,3.4276705,2.8943937,39.40698
Latvia,LVA,2019,,57357.65,5.1608567,1.1752595,9.036461
Latvia,LVA,2020,,50379.47,65.07642,,0.720426
Latvia,LVA,2021,,48403.92,2.9585218,,7.628339
Latvia,LVA,2022,,57103.152,5.031997,,18.155655
Latvia,LVA,2023,,54484.51,1.6918155,,12.166419
Lebanon,LBN,2001,,264.7373,26.407583,,1.3498217
Lebanon,LBN,2002,,76.78625,2.7471914,,1.5392753
Lebanon,LBN,2003,,58.747814,23.159626,,0.7048014
Lebanon,LBN,2004,,92.791336,15.080885,,0.96109307
Lebanon,LBN,2005,,266.6248,25.642107,,3.909568
Lebanon,LBN,2006,,135.34799,8.713449,,2.500452
Lebanon,LBN,2007,,164.82072,101.41201,,5.57629
Lebanon,LBN,2008,,382.9262,4.834978,,1.089351
Lebanon,LBN,2009,,322.33636,3.628343,,13.457041
Lebanon,LBN,2010,,106.574066,6.1717668,,2.3706408
Lebanon,LBN,2011,,131.54648,4.0197105,,2.0515552
Lebanon,LBN,2012,,155.39873,6.1802936,,3.0135264
Lebanon,LBN,2013,,135.93845,18.831066,,3.0754936
Lebanon,LBN,2014,,140.29965,15.170844,,2.7556806
Lebanon,LBN,2015,,154.12871,15.470145,,1.2176281
Lebanon,LBN,2016,,247.8382,14.332593,,2.24398
Lebanon,LBN,2017,,258.3532,21.256054,,3.4604473
Lebanon,LBN,2018,,234.00513,18.019104,,2.3706062
Lebanon,LBN,2019,,369.95642,9.233441,,9.461156
Lebanon,LBN,2020,,448.10858,13.11886,,10.450702
Lebanon,LBN,2021,,617.7903,49.143158,,0.12913944
Lebanon,LBN,2022,,544.08453,34.955204,,0.12818688
Lebanon,LBN,2023,,477.76987,43.592545,,0.32090867
Lesotho,LSO,2004,,0.066749796,,0.4065417,
Lesotho,LSO,2005,,0.33411887,,,
Lesotho,LSO,2007,,0.4673346,,0.26867774,
Lesotho,LSO,2009,,0.3338133,,,
Lesotho,LSO,2011,,0.33405188,,0.20258974,
Lesotho,LSO,2015,,0.73443043,,,
Lesotho,LSO,2020,,0.33383036,,9.955356,
Lesotho,LSO,2021,,0.06676604,,4.519013,
Lesotho,LSO,2001,,,,0.06716188,
Lesotho,LSO,2002,,,,0.5376655,
Lesotho,LSO,2003,,,,0.60628945,
Lesotho,LSO,2006,,,,1.0814764,
Lesotho,LSO,2008,,,,0.53971636,
Lesotho,LSO,2013,,,,0.20188333,
Lesotho,LSO,2014,,,,1.5536778,
Lesotho,LSO,2016,,,,4.6425314,
Lesotho,LSO,2017,,,,0.5384913,
Lesotho,LSO,2018,,,,0.6716583,
Lesotho,LSO,2019,,,,3.4964585,
Lesotho,LSO,2022,,,,0.8747287,
Lesotho,LSO,2023,,,,0.80606425,
Liberia,LBR,2001,22.326586,76.49015,28894.2,44.071053,108.03262
Liberia,LBR,2002,8.334149,324.8538,56428.79,97.76727,65.049614
Liberia,LBR,2003,10.32236,95.97108,21272.79,150.30128,57.207706
Liberia,LBR,2004,0.07646549,11.646479,6169.0376,36.434902,1.6060929
Liberia,LBR,2005,0.38229784,20.214127,11189.998,26.35565,4.5896316
Liberia,LBR,2006,2.3703866,94.291664,35859.617,109.76063,133.84576
Liberia,LBR,2007,0.76461583,191.80948,43926.13,64.38745,63.569992
Liberia,LBR,2008,9.175406,118.188705,35737.992,96.782616,182.9165
Liberia,LBR,2009,13.686646,213.13847,74043.05,565.0965,250.63147
Liberia,LBR,2010,1.2998592,44.12959,20202.04,44.07361,29.52129
Liberia,LBR,2011,4.434786,157.04692,34042.266,121.915245,91.733505
Liberia,LBR,2012,1.4527866,203.09418,71599.164,250.85454,46.826656
Liberia,LBR,2013,12.539852,205.8708,154557.52,536.1342,146.0196
Liberia,LBR,2014,41.595222,410.13593,162787.62,467.92276,286.49283
Liberia,LBR,2015,14.374759,348.22708,184666.86,804.3811,146.22742
Liberia,LBR,2016,11.851547,357.3424,167475.98,482.2698,242.09106
Liberia,LBR,2017,24.161753,484.11835,201571.34,824.69617,353.89157
Liberia,LBR,2018,31.043592,458.3527,203042.05,869.6039,493.32593
Liberia,LBR,2019,11.545526,346.14175,170474.23,606.6084,309.6175
Liberia,LBR,2020,17.81557,507.00827,218644.14,594.3504,301.24615
Liberia,LBR,2021,23.626818,256.50357,128952.44,324.26987,257.77527
Liberia,LBR,2022,30.279028,305.27524,150896.03,334.01114,532.7427
Liberia,LBR,2023,13.61029,261.69144,153950.05,565.1328,468.1196
Libya,LBY,2001,,0.19491695,10.7886715,0.6491157,1.167763
Libya,LBY,2002,,1.9505769,5.3918133,21.737337,1.0380249
Libya,LBY,2004,,0.6493475,3.3161974,2.2059782,
Libya,LBY,2005,,2.0778751,11.107918,0.7792241,
Libya,LBY,2006,,6.3637466,5.00128,1.427622,0.06483421
Libya,LBY,2007,,0.064934105,1.4950632,0.45448694,
Libya,LBY,2008,,0.2603815,1.560058,0.13012724,0.32434863
Libya,LBY,2011,,2.597591,2.8595695,2.0136392,0.12968153
Libya,LBY,2012,,0.4545486,1.494565,2.2712533,
Libya,LBY,2013,,0.58488834,1.4296211,77.400536,
Libya,LBY,2014,,0.25974986,1.2335556,1.4922695,
Libya,LBY,2018,,0.3897182,0.45486477,0.97370446,
Libya,LBY,2019,,0.19481288,0.324876,1.494632,
Libya,LBY,2023,,0,61.077465,6.4287343,0
Libya,LBY,2003,,,11.435434,5.9042974,
Libya,LBY,2009,,,2.729056,0.843863,
Libya,LBY,2010,,,1.4942424,1.4934396,0.12975226
Libya,LBY,2016,,,0.25969374,0.12998247,
Libya,LBY,2017,,,6.0379357,0.38993308,
Libya,LBY,2021,,,0.25972158,,
Libya,LBY,2015,,,,0.19478585,
Libya,LBY,2020,,,,0.58592385,
Liechtenstein,LIE,2001,,3.4239433,,,
Liechtenstein,LIE,2004,,9.430859,,,
Liechtenstein,LIE,2005,,5.53225,,,
Liechtenstein,LIE,2006,,11.598105,,,
Liechtenstein,LIE,2007,,8.433932,,,
Liechtenstein,LIE,2008,,8.851674,,,
Liechtenstein,LIE,2009,,4.6879992,,,
Liechtenstein,LIE,2010,,2.7919214,,,
Liechtenstein,LIE,2011,,1.8429366,,,
Liechtenstein,LIE,2012,,3.8457959,,,
Liechtenstein,LIE,2013,,1.9491171,,,
Liechtenstein,LIE,2014,,2.8986316,,,
Liechtenstein,LIE,2015,,1.3175101,,,
Liechtenstein,LIE,2016,,5.163633,,,
Liechtenstein,LIE,2017,,4.057775,,,
Liechtenstein,LIE,2018,,6.535025,,,
Liechtenstein,LIE,2019,,11.54441,,,
Liechtenstein,LIE,2020,,3.2144973,,,
Liechtenstein,LIE,2021,,0.6322706,,,
Liechtenstein,LIE,2022,,2.1068769,,,
Liechtenstein,LIE,2023,,0.8963222,,,
Lithuania,LTU,2001,,7954.759,,3.1158826,3.3225956
Lithuania,LTU,2002,,10337.177,,6.7168527,0.26986232
Lithuania,LTU,2003,,8906.041,,2.1042972,3.686508
Lithuania,LTU,2004,,13087.854,,8.1193495,2.4722548
Lithuania,LTU,2005,,20361.932,,5.133794,10.245135
Lithuania,LTU,2006,,17439.639,,0.52732164,4.940926
Lithuania,LTU,2007,,16022.539,,4.9045525,5.7966323
Lithuania,LTU,2008,,15176.673,,5.049174,16.93185
Lithuania,LTU,2009,,14399.27,,5.8467298,1.4824291
Lithuania,LTU,2010,,21645.371,,8.981876,9.670762
Lithuania,LTU,2011,,21719.602,,5.9382544,4.761117
Lithuania,LTU,2012,,17563.195,,4.0361204,30.289938
Lithuania,LTU,2013,,13916.483,,3.4152446,1.0792927
Lithuania,LTU,2014,,15962.392,,2.1884568,1.3044664
Lithuania,LTU,2015,,15784.163,,5.027858,1.0792245
Lithuania,LTU,2016,,25505.768,,5.987857,11.513034
Lithuania,LTU,2017,,25768.916,,15.544942,12.806825
Lithuania,LTU,2018,,19736.232,,5.824166,1.3933458
Lithuania,LTU,2019,,24542.133,,12.1278105,3.5972219
Lithuania,LTU,2020,,22946.676,,9.395853,2.2914531
Lithuania,LTU,2021,,22615.62,,5.988154,10.112764
Lithuania,LTU,2022,,23704.373,,10.403939,13.976822
Lithuania,LTU,2023,,24748.24,,1.1824452,0
Low-income countries,,2001,1570.3447,15160.259,725923.75,1300.7056,1789.0735
Low-income countries,,2002,1330.2399,9123.1045,850715.75,1398.9801,736.73615
Low-income countries,,2003,800.222,8916.79,514665.1,1591.7416,911.39136
Low-income countries,,2004,436.61005,14573.306,659965.25,1719.2029,1041.1089
Low-income countries,,2005,1387.0001,20162.318,835507.2,2506.9397,3324.2878
Low-income countries,,2006,1742.1239,16187.183,868749.56,1439.116,1517.6488
Low-income countries,,2007,1343.1525,19602.535,969265.44,2377.1895,3217.0327
Low-income countries,,2008,1983.5638,20851.373,899026.7,3841.7961,2814.294
Low-income countries,,2009,2367.275,17263.764,1205124.8,3578.0894,3163.626
Low-income countries,,2010,1314.2546,22042.715,1249070.2,2154.5051,1700.5944
Low-income countries,,2011,1527.0994,9586.3,950642.7,1642.5796,2303.4832
Low-income countries,,2012,1594.676,23863.049,1126859.5,4041.246,1912.0947
Low-income countries,,2013,7257.2007,13379.157,1846800.8,3898.4382,3690.3809
Low-income countries,,2014,10609.353,20286.21,2438898.2,4225.9404,4642.4204
Low-income countries,,2015,7363.6855,20038.588,1931864.9,4258.2607,2483.9321
Low-income countries,,2016,5171.65,22974.219,2518570.2,3942.2012,4594.917
Low-income countries,,2017,6488.1313,20588.852,3015445.2,6060.323,4840.0967
Low-income countries,,2018,6086.367,17221.088,2478720.2,4086.0723,5546.5645
Low-income countries,,2019,5988.354,35236.742,2215933.2,6313.0186,4739.312
Low-income countries,,2020,5747.049,26077.936,2326615.8,4872.2227,5744.6577
Low-income countries,,2021,3669.4775,23101.008,2165482.5,4815.5356,5250.181
Low-income countries,,2022,5208.7114,17889.762,2138500.5,3624.3477,5596.208
Low-income countries,,2023,6754.8438,19846.543,2339823,4775.589,6809.8267
Lower-middle-income countries,,2001,116117.35,183558.78,756608.06,3633.201,9184.222
Lower-middle-income countries,,2002,168058.1,187871.89,840951,4154.197,7739.919
Lower-middle-income countries,,2003,154403.14,191372.02,665470.7,2671.0396,4849.235
Lower-middle-income countries,,2004,214103.12,250068.4,626028.56,4526.5312,4663.6885
Lower-middle-income countries,,2005,234532.03,249368.69,837276.2,3977.361,6699.9688
Lower-middle-income countries,,2006,254953.69,289716.12,827678.06,3685.261,8094.5654
Lower-middle-income countries,,2007,243836.06,321105,1023326.4,4605.1924,10330.486
Lower-middle-income countries,,2008,376162.22,286590.8,1028967.06,5822.497,10520.773
Lower-middle-income countries,,2009,323193.97,382526.88,1208475.8,6178.2925,10765.792
Lower-middle-income countries,,2010,576704.56,409803.53,1464788.8,6658.1523,13258.041
Lower-middle-income countries,,2011,416711.75,332862.56,1163755,5088.6387,10621.544
Lower-middle-income countries,,2012,427242.75,432902.47,1246950.2,5344.1763,11800.89
Lower-middle-income countries,,2013,396303,416147.3,1480222.9,5390.113,13469.787
Lower-middle-income countries,,2014,474423.47,594038.56,2124462.8,6313.0356,17282.922
Lower-middle-income countries,,2015,402286.22,576617.2,1525552.6,3831.997,10067.456
Lower-middle-income countries,,2016,767870.1,845438,2423725.2,13768.094,17224.713
Lower-middle-income countries,,2017,678205.4,774478.6,2714730.2,8726.469,28802.9
Lower-middle-income countries,,2018,516853.97,570149.4,2174885.5,6685.365,18885.438
Lower-middle-income countries,,2019,1016819.3,596081,1991816.8,43786.414,15122.79
Lower-middle-income countries,,2020,625060.94,598588.94,2298243.8,8647.988,19893.174
Lower-middle-income countries,,2021,698427.2,563700,2136646,33964.863,17355.23
Lower-middle-income countries,,2022,671298.6,553345.9,2062696.4,7359.2656,23048.291
Lower-middle-income countries,,2023,869889.5,571084.2,2290301,8697.505,16031.564
Luxembourg,LUX,2001,,68.609695,,,
Luxembourg,LUX,2002,,90.45692,,,
Luxembourg,LUX,2003,,103.41997,,,
Luxembourg,LUX,2004,,311.49133,,,
Luxembourg,LUX,2005,,67.94917,,,
Luxembourg,LUX,2006,,365.9888,,,
Luxembourg,LUX,2007,,502.23257,,,
Luxembourg,LUX,2008,,983.52875,,,
Luxembourg,LUX,2009,,216.40012,,,
Luxembourg,LUX,2010,,880.43524,,,
Luxembourg,LUX,2011,,447.8087,,,
Luxembourg,LUX,2012,,444.28946,,,
Luxembourg,LUX,2013,,347.98724,,,
Luxembourg,LUX,2014,,429.5511,,,
Luxembourg,LUX,2015,,327.4653,,,
Luxembourg,LUX,2016,,520.6801,,,
Luxembourg,LUX,2017,,412.66653,,,
Luxembourg,LUX,2018,,457.7823,,,
Luxembourg,LUX,2019,,509.19766,,,
Luxembourg,LUX,2020,,654.66876,,,
Luxembourg,LUX,2021,,1054.5791,,,
Luxembourg,LUX,2022,,320.7391,,,
Luxembourg,LUX,2023,,912.82336,,,
Macao,MAC,2001,,1.4280703,,,
Macao,MAC,2002,,0.9282074,,,
Macao,MAC,2006,,2.5703928,,0.21409717,
Macao,MAC,2007,,4.426782,,,
Macao,MAC,2008,,3.4984193,,0.1427665,
Macao,MAC,2009,,2.070661,,0.14271775,
Macao,MAC,2010,,0.5711669,,,
Macao,MAC,2011,,0.6425901,,,
Macao,MAC,2012,,0.6426242,,0.07136316,
Macao,MAC,2013,,0.071398,,,
Macao,MAC,2014,,1.4994615,,,
Macao,MAC,2015,,0.6426039,,,
Macao,MAC,2017,,3.9984653,,,
Macao,MAC,2018,,0.85682994,,,
Macao,MAC,2019,,2.7131348,,,
Macao,MAC,2020,,0.8568553,,,
Macao,MAC,2022,,1.4280998,,,
Macao,MAC,2023,,15.994371,,,
Madagascar,MDG,2001,1.1527479,116.36377,86076.086,364.52588,18.921335
Madagascar,MDG,2002,1.0261524,113.32875,88678.13,243.22696,33.957207
Madagascar,MDG,2003,5.9923215,94.04402,83388.43,378.1296,42.83441
Madagascar,MDG,2004,2.6463747,245.67288,80935.57,297.00015,46.931614
Madagascar,MDG,2005,1.4690037,175.3988,92718.77,333.9399,21.080492
Madagascar,MDG,2006,5.684792,40.10379,70395.68,279.23657,20.558962
Madagascar,MDG,2007,122.13639,163.89897,186413.47,1117.9109,99.46141
Madagascar,MDG,2008,5.954198,76.09934,122619.67,374.773,30.675417
Madagascar,MDG,2009,5.269568,200.58757,135352.12,495.17203,91.574585
Madagascar,MDG,2010,6.7174325,111.737854,106296.08,408.5541,70.63497
Madagascar,MDG,2011,2.1317174,291.73535,160872.33,677.4848,21.893501
Madagascar,MDG,2012,8.223732,185.54192,127364.266,456.21542,67.965576
Madagascar,MDG,2013,262.2838,267.80978,297709.12,514.5365,430.30307
Madagascar,MDG,2014,573.9589,438.9267,413304.25,1409.4952,567.66974
Madagascar,MDG,2015,223.3259,257.5873,299788.28,888.53687,346.4192
Madagascar,MDG,2016,1022.5217,311.6258,380259.94,1306.4941,550.9466
Madagascar,MDG,2017,115.44241,542.8346,506370.78,2306.035,597.2773
Madagascar,MDG,2018,309.06168,516.98035,363861.6,1071.8411,559.52014
Madagascar,MDG,2019,334.85156,453.32355,252154.08,786.61926,323.47275
Madagascar,MDG,2020,492.52203,395.59204,238660.72,922.07336,410.99377
Madagascar,MDG,2021,453.0846,344.30032,231800.53,1614.8182,388.26205
Madagascar,MDG,2022,1544.3496,350.45447,252260.19,1544.4445,418.11008
Madagascar,MDG,2023,2980.9016,243.25479,297749.38,1594.7269,515.8706
Malawi,MWI,2001,10.375395,48.233765,2307.146,20.680162,13.356233
Malawi,MWI,2002,7.8554773,203.47694,3912.1372,21.90344,16.299376
Malawi,MWI,2003,28.903334,291.25375,6685.44,38.349155,17.279312
Malawi,MWI,2004,9.04836,531.8548,5082.6665,38.914486,7.922951
Malawi,MWI,2005,70.65168,540.99524,8562.948,52.421425,43.610706
Malawi,MWI,2006,55.242428,459.6556,4970.26,18.216413,19.241901
Malawi,MWI,2007,27.643368,673.4656,6650.452,73.71937,32.44452
Malawi,MWI,2008,24.532465,1021.57465,8514.453,65.59606,49.953213
Malawi,MWI,2009,14.15428,60.652,3907.2654,18.823511,0.6036646
Malawi,MWI,2010,7.9329414,158.0046,3760.9573,15.825642,7.2441726
Malawi,MWI,2011,24.848328,1144.9534,6940.986,27.904501,15.39341
Malawi,MWI,2012,105.08783,936.1659,11040.913,28.225624,13.281119
Malawi,MWI,2013,103.93057,453.84122,9871.714,48.025078,5.961355
Malawi,MWI,2014,78.69643,658.04846,17737.217,33.653107,19.318243
Malawi,MWI,2015,89.88511,404.72104,10186.415,59.917164,14.187307
Malawi,MWI,2016,164.4319,653.85394,12536.232,109.29076,25.958143
Malawi,MWI,2017,293.7587,421.69528,14435.69,99.01409,37.805668
Malawi,MWI,2018,170.35138,379.0798,14813.672,41.746403,53.878635
Malawi,MWI,2019,261.30573,174.44809,11593.748,58.36876,38.253456
Malawi,MWI,2020,195.50072,389.01578,15291.8545,129.44846,55.0086
Malawi,MWI,2021,141.24057,509.89444,15715.171,85.7164,96.27942
Malawi,MWI,2022,309.2982,530.20935,13666.276,100.591866,241.06462
Malawi,MWI,2023,660.5458,453.47998,21462.004,204.18105,162.97227
Malaysia,MYS,2001,289552.06,39549.06,1748.6868,,1495.399
Malaysia,MYS,2002,270058.53,39374.625,1556.4061,,1385.4824
Malaysia,MYS,2003,152081.02,30022.562,1182.3794,,528.32983
Malaysia,MYS,2004,305420.56,42291.11,1835.2377,,2151.1187
Malaysia,MYS,2005,325072.3,46234.637,2315.0073,,1667.9818
Malaysia,MYS,2006,285034.84,45152.332,2217.001,,1412.5314
Malaysia,MYS,2007,332933.84,68848.14,1945.2902,,1334.2065
Malaysia,MYS,2008,304604.53,59302.34,3325.4082,,611.536
Malaysia,MYS,2009,501806.1,111877.36,7567.109,,1393.2603
Malaysia,MYS,2010,348057.3,77031.4,4106.318,,1251.2126
Malaysia,MYS,2011,356512.47,93802.15,12007.045,,637.0399
Malaysia,MYS,2012,469758.3,144410.44,12406.416,,1314.8126
Malaysia,MYS,2013,262752.16,64315.746,5656.4443,,389.1957
Malaysia,MYS,2014,472879,163559.5,7351.9966,,1772.6399
Malaysia,MYS,2015,340787.47,107877.22,4400.293,,851.46783
Malaysia,MYS,2016,422709.47,131861.02,9016.689,,1478.3802
Malaysia,MYS,2017,361863.6,112826.3,7011.287,,1549.1007
Malaysia,MYS,2018,317058.72,113541.19,6239.1104,,979.0704
Malaysia,MYS,2019,297965.7,91669.24,4684.7593,,973.3379
Malaysia,MYS,2020,209351.61,55998.438,2788.827,,472.57672
Malaysia,MYS,2021,215510.5,58920.21,2498.7417,,537.6536
Malaysia,MYS,2022,187982.58,56795.418,2936.8687,,320.02377
Malaysia,MYS,2023,231983.92,72027.125,3784.8577,,766.35364
Maldives,MDV,2002,,1.0697491,,,
Maldives,MDV,2004,,0.30564255,,,
Maldives,MDV,2008,,0.30563188,,,
Maldives,MDV,2010,,0.15282112,,,
Maldives,MDV,2011,,0.45846763,,,
Maldives,MDV,2012,,0.2292325,,,
Maldives,MDV,2013,,0.15282169,,,
Maldives,MDV,2014,,0.07640935,,,
Maldives,MDV,2023,,10.9272,,,
Mali,MLI,2001,0,,317.12054,30.52631,
Mali,MLI,2002,0,,131.70845,25.11999,
Mali,MLI,2005,0,,80.89984,1.1960322,
Mali,MLI,2006,0,,102.29193,0,
Mali,MLI,2007,0,,118.51025,4.7860575,
Mali,MLI,2008,0,,103.93033,0.1504354,
Mali,MLI,2009,0,,156.50311,0.22401993,
Mali,MLI,2011,0,,164.51645,1.0456778,
Mali,MLI,2012,0,,78.84654,0,
Mali,MLI,2013,0,,409.78116,0,0
Mali,MLI,2014,0,,270.33774,0,
Mali,MLI,2015,0,,204.15352,0,
Mali,MLI,2016,0,,204.82831,0,
Mali,MLI,2021,0,,130.30925,0,
Mali,MLI,2022,0,,159.19621,0,
Mali,MLI,2023,0,,315.77264,0,0
Mali,MLI,2003,,,33.348583,0.14919613,
Mali,MLI,2004,,,137.10902,11.656302,
Mali,MLI,2010,,,52.322063,0.37390515,
Mali,MLI,2017,,,331.98502,0,
Mali,MLI,2018,,,298.7992,0,
Mali,MLI,2019,,,210.75723,0,
Mali,MLI,2020,,,148.84741,0,
Martinique,MTQ,2001,21.319708,,166.13028,,
Martinique,MTQ,2002,3.1308725,,45.582382,,
Martinique,MTQ,2003,17.369232,,254.19246,,
Martinique,MTQ,2004,12.523652,,153.13058,,
Martinique,MTQ,2005,23.928497,,174.43704,,
Martinique,MTQ,2006,3.2054029,,84.69364,,
Martinique,MTQ,2007,10.063536,,142.33266,,
Martinique,MTQ,2008,13.045096,,260.5335,,
Martinique,MTQ,2009,4.9197593,,191.49487,,
Martinique,MTQ,2010,1.1927102,,73.05727,,
Martinique,MTQ,2011,7.9760194,,142.26022,,
Martinique,MTQ,2012,18.337744,,287.4803,,
Martinique,MTQ,2013,16.101917,,127.5746,,
Martinique,MTQ,2014,16.027584,,136.51735,,
Martinique,MTQ,2015,1.639917,,29.783243,,
Martinique,MTQ,2016,0.22362344,,25.7612,,
Martinique,MTQ,2017,0.074536905,,114.576584,,
Martinique,MTQ,2018,0.07454634,,50.495686,,
Martinique,MTQ,2019,0.52183914,,58.60891,,
Martinique,MTQ,2020,0.74544865,,62.6355,,
Martinique,MTQ,2021,0.07454552,,42.212265,,
Martinique,MTQ,2022,0.29818577,,32.46202,,
Martinique,MTQ,2023,0.3727475,,105.8259,,
Mauritania,MRT,2012,,,,0,
Mauritania,MRT,2013,,,,0,
Mauritania,MRT,2018,,,,0,
Mauritania,MRT,2019,,,,0,
Mauritania,MRT,2020,,,,0,
Mauritania,MRT,2021,,,,0,
Mauritania,MRT,2022,,,,0,
Mauritania,MRT,2023,,,,0,
Mauritius,MUS,2001,,28.686314,19.27756,,106.95531
Mauritius,MUS,2002,,38.816444,18.40995,,94.16807
Mauritius,MUS,2003,,35.86586,6.787146,,71.98995
Mauritius,MUS,2004,,53.206936,42.88698,,225.80096
Mauritius,MUS,2005,,26.244972,29.453697,,112.514465
Mauritius,MUS,2006,,30.50843,20.79192,,82.441475
Mauritius,MUS,2007,,29.997183,18.555054,,74.26955
Mauritius,MUS,2008,,46.11688,12.2732525,,122.72788
Mauritius,MUS,2009,,48.51721,25.340086,,164.16803
Mauritius,MUS,2010,,5.9996157,3.6824431,,11.996243
Mauritius,MUS,2011,,148.78424,62.16155,,257.74
Mauritius,MUS,2012,,27.316393,15.956429,,103.34343
Mauritius,MUS,2013,,45.630955,29.457197,,136.59315
Mauritius,MUS,2014,,147.10257,102.602875,,249.50526
Mayotte,MYT,2001,,0.15003528,21.767767,,8.934234
Mayotte,MYT,2002,,0.15003844,13.361475,,7.357677
Mayotte,MYT,2003,,0.52510303,22.892672,,7.432965
Mayotte,MYT,2004,,0.15002894,1.5013729,,3.3032606
Mayotte,MYT,2005,,0.30007842,23.120972,,10.811592
Mayotte,MYT,2006,,0.15002814,25.594303,,15.316982
Mayotte,MYT,2007,,0.07501929,14.864308,,4.730008
Mayotte,MYT,2008,,0.22506338,23.795708,,18.545214
Mayotte,MYT,2012,,4.201053,87.057396,,37.391094
Mayotte,MYT,2013,,11.627774,234.62114,,74.782776
Mayotte,MYT,2014,,16.128906,796.64484,,332.0074
Mayotte,MYT,2015,,0.15003337,12.684068,,4.5049486
Mayotte,MYT,2016,,0.37509272,57.11668,,25.977541
Mayotte,MYT,2017,,1.4253982,36.10603,,6.8324256
Mayotte,MYT,2018,,0.7502077,50.51149,,21.321806
Mayotte,MYT,2019,,2.4006066,26.649288,,5.480979
Mayotte,MYT,2020,,2.17552,113.93309,,50.529728
Mayotte,MYT,2021,,0.7501954,44.055103,,18.844664
Mayotte,MYT,2022,,7.5017867,52.53193,,13.063645
Mayotte,MYT,2009,,,2.92703,,2.7776341
Mayotte,MYT,2010,,,16.96433,,14.940799
Mayotte,MYT,2011,,,2.3272974,,
Mayotte,MYT,2023,,,23.566877,,30.632502
Mexico,MEX,2001,30009.328,6484.9834,116589.125,1826.8763,865.7352
Mexico,MEX,2002,27190.51,7737.9526,119783.016,1993.2903,713.2079
Mexico,MEX,2003,34042.062,7449.7227,107709.945,1299.9606,755.6564
Mexico,MEX,2004,33833.16,5515.968,125829.31,2294.8613,916.8025
Mexico,MEX,2005,40309.766,8621.346,152518.17,2675.7495,1140.1821
Mexico,MEX,2006,46166.492,5704.1387,119823.195,4350.099,1763.367
Mexico,MEX,2007,44173.91,6738.4736,161251.75,3347.5986,1655.5284
Mexico,MEX,2008,41155.668,6227.7153,131157.3,2690.1165,1625.8115
Mexico,MEX,2009,70892.01,9733.65,192429.33,5641.479,1124.096
Mexico,MEX,2010,31424.393,4833.0757,125323.14,2487.8835,831.3051
Mexico,MEX,2011,38339.867,6182.3228,134235.34,5233.6543,707.9387
Mexico,MEX,2012,42372.11,5447.442,120632.45,2729.955,582.6245
Mexico,MEX,2013,56818.62,7298.1772,148826.89,2742.237,543.4745
Mexico,MEX,2014,33705.73,5803.6436,128198.09,1300.2195,558.7121
Mexico,MEX,2015,49533.473,7180.8794,138919.11,758.5556,862.33777
Mexico,MEX,2016,59370.246,9918.689,202491.66,1043.991,625.92737
Mexico,MEX,2017,76080.4,9811.886,209201.25,2430.2434,563.9184
Mexico,MEX,2018,59559.543,8105.4614,192642.5,4324.024,1014.5966
Mexico,MEX,2019,68880.22,9779.357,244467.94,3102.6616,412.51413
Mexico,MEX,2020,72552.914,8862.895,214619.36,2210.1138,472.1665
Mexico,MEX,2021,43255.445,5244.278,126386.195,12028.864,707.054
Mexico,MEX,2022,40292.27,5431.4688,125763.1,5832.7583,467.47235
Mexico,MEX,2023,72558.88,7205.2217,140197.84,4244.108,1961.9594
Micronesia (country),FSM,2010,,27.246767,,,
Moldova,MDA,2001,,111.53582,,4.1169114,0.26521397
Moldova,MDA,2002,,173.29771,,7.8132396,0.42416933
Moldova,MDA,2003,,82.61328,,1.5180571,
Moldova,MDA,2004,,221.57684,,7.3553367,0.21206169
Moldova,MDA,2005,,89.254845,,2.1512203,1.1662443
Moldova,MDA,2006,,145.99596,,7.218174,0.053043474
Moldova,MDA,2007,,178.98651,,8.762424,0.0530408
Moldova,MDA,2008,,117.20156,,1.8934196,1.2197015
Moldova,MDA,2009,,152.3037,,5.4296236,0.05302595
Moldova,MDA,2010,,145.49548,,3.1379726,0.05301597
Moldova,MDA,2011,,135.79462,,10.323394,0.5303624
Moldova,MDA,2012,,1563.2869,,82.2315,0.21217121
Moldova,MDA,2013,,138.4254,,6.159087,1.6434225
Moldova,MDA,2014,,318.77982,,14.2766905,0.05301305
Moldova,MDA,2015,,427.03137,,18.166212,0.10602756
Moldova,MDA,2016,,742.7753,,25.7103,5.3033214
Moldova,MDA,2017,,955.1625,,40.387436,1.6966423
Moldova,MDA,2018,,786.1714,,17.577667,1.2197387
Moldova,MDA,2019,,721.63525,,30.99578,0.84848
Moldova,MDA,2020,,1263.7067,,42.104073,0.47732264
Moldova,MDA,2021,,981.05347,,44.671947,3.8707807
Moldova,MDA,2022,,987.4175,,39.22235,2.1208081
Moldova,MDA,2023,,1305.7137,,31.630714,1.2194557
Mongolia,MNG,2001,,7991.555,100.41719,11211.61,
Mongolia,MNG,2002,,3364.1248,110.956116,14374.216,
Mongolia,MNG,2003,,4475.432,261.15594,32721.799,
Mongolia,MNG,2004,,3980.058,62.15359,48119.43,
Mongolia,MNG,2005,,1370.501,14.083013,5478.2666,
Mongolia,MNG,2006,,1453.8917,26.072884,10812.048,
Mongolia,MNG,2007,,2035.0813,89.04233,45046.625,
Mongolia,MNG,2008,,5254.5376,36.489635,49255.297,
Mongolia,MNG,2009,,4474.197,8.303799,76759.52,
Mongolia,MNG,2010,,1695.7046,51.913193,6593.8975,
Mongolia,MNG,2011,,410.54227,0.15481897,2511.2825,
Mongolia,MNG,2012,,1058.7094,7.094688,32306.713,
Mongolia,MNG,2013,,40.9993,0.2064592,459.05975,
Mongolia,MNG,2014,,12.841306,0.10387306,447.50638,
Mongolia,MNG,2015,,0.4579448,,7099.6045,
Mongolia,MNG,2016,,508.42014,,3506.3767,
Mongolia,MNG,2017,,942.83185,,24132.021,
Mongolia,MNG,2018,,47.62867,,9101.338,
Mongolia,MNG,2019,,198.98326,,2399.1707,
Mongolia,MNG,2020,,6.500394,,290.24557,
Mongolia,MNG,2021,,33.141724,0.51643485,116.95953,
Mongolia,MNG,2022,,2.974279,,77.22175,
Mongolia,MNG,2023,,87.53376,,741.01514,
Montenegro,MNE,2001,,773.3688,,70.13683,
Montenegro,MNE,2002,,155.19604,,22.492287,
Montenegro,MNE,2003,,185.65947,,17.62864,
Montenegro,MNE,2004,,795.57184,,101.604515,
Montenegro,MNE,2005,,152.81598,,16.735723,
Montenegro,MNE,2006,,155.17242,,16.160383,
Montenegro,MNE,2007,,954.3732,,89.292015,
Montenegro,MNE,2008,,1277.6793,,140.34074,
Montenegro,MNE,2009,,497.10458,,64.94191,
Montenegro,MNE,2010,,189.23827,,14.665677,
Montenegro,MNE,2011,,426.88977,,58.18449,
Montenegro,MNE,2012,,1085.1028,,152.95184,
Montenegro,MNE,2013,,1936.822,,458.17035,
Montenegro,MNE,2014,,1175.9781,,257.70618,
Montenegro,MNE,2015,,171.18884,,7.104309,
Montenegro,MNE,2016,,1048.3853,,53.50939,
Montenegro,MNE,2017,,1182.1038,,77.24747,
Montenegro,MNE,2018,,1420.9806,,212.67413,
Montenegro,MNE,2019,,592.2444,,45.315624,
Montenegro,MNE,2020,,770.49255,,195.5134,
Montenegro,MNE,2021,,480.779,,23.734241,
Montenegro,MNE,2022,,1132.7238,,33.15389,
Montenegro,MNE,2023,,1616.503,,46.57105,
Montserrat,MSR,2001,1.4012688,,,,
Montserrat,MSR,2002,0.073750146,,,,
Montserrat,MSR,2003,0.36879373,,,,
Montserrat,MSR,2004,6.7113624,,,,
Montserrat,MSR,2005,19.695192,,,,
Montserrat,MSR,2006,11.284859,,,,
Montserrat,MSR,2007,10.400143,,,,
Montserrat,MSR,2008,3.3930864,,,,
Montserrat,MSR,2009,3.1716003,,,,
Montserrat,MSR,2010,108.19575,,,,
Montserrat,MSR,2011,5.974262,,,,
Montserrat,MSR,2012,1.0325025,,,,
Montserrat,MSR,2013,0.88513327,,,,
Montserrat,MSR,2014,0.2950303,,,,
Montserrat,MSR,2016,6.2685933,,,,
Montserrat,MSR,2017,0.14751484,,,,
Montserrat,MSR,2018,9.442805,,,,
Montserrat,MSR,2019,3.466673,,,,
Montserrat,MSR,2020,1.180201,,,,
Montserrat,MSR,2021,1.327556,,,,
Montserrat,MSR,2022,0.5900701,,,,
Montserrat,MSR,2023,0,,,,
Morocco,MAR,2001,28.472857,606.02844,909.0004,104.52199,8.01541
Morocco,MAR,2002,54.792545,994.3704,1998.243,765.2314,2.3815937
Morocco,MAR,2003,22.160633,503.06107,1238.0087,78.61328,15.917537
Morocco,MAR,2004,30.989985,545.84705,606.2094,97.35846,27.61497
Morocco,MAR,2005,65.04313,535.6157,678.17,166.32915,8.215982
Morocco,MAR,2006,28.698936,611.99835,957.9569,327.87033,5.9059544
Morocco,MAR,2007,82.70438,662.46674,1525.3907,124.663216,20.783045
Morocco,MAR,2008,57.154858,1026.4584,1678.8087,389.9997,19.79436
Morocco,MAR,2009,47.191628,298.2967,562.7513,114.944336,11.172077
Morocco,MAR,2010,30.492388,357.99356,389.5323,124.57029,7.5907826
Morocco,MAR,2011,56.45979,851.0039,2094.0513,221.35387,12.856735
Morocco,MAR,2012,90.98513,578.39044,853.4,84.97931,4.5231557
Morocco,MAR,2013,17.794748,394.9709,353.17264,56.382523,2.6776154
Morocco,MAR,2014,23.36324,819.98206,688.46655,95.52175,26.655117
Morocco,MAR,2015,19.254478,464.77136,363.09293,69.315506,14.920866
Morocco,MAR,2016,31.225039,1019.2576,695.26056,252.08452,12.671982
Morocco,MAR,2017,78.78594,865.5741,1120.3196,218.96088,31.904373
Morocco,MAR,2018,33.297256,694.6046,1109.5594,181.75302,10.179295
Morocco,MAR,2019,33.535027,380.45734,522.6424,253.50919,41.835396
Morocco,MAR,2020,28.882608,925.02466,2397.3777,226.32079,19.953653
Morocco,MAR,2021,19.511925,454.091,444.126,575.2771,17.589293
Morocco,MAR,2022,2387.556,5352.207,3605.8386,626.8812,25.212927
Morocco,MAR,2023,724.85614,1114.5465,1747.6976,351.7607,59.813698
Mozambique,MOZ,2001,1.3155282,243.38576,60046.516,46.211502,2.8502097
Mozambique,MOZ,2002,0.729033,565.47424,105502.64,129.59949,0.76443195
Mozambique,MOZ,2003,1.3052764,293.9115,78877.02,56.38084,1.8765938
Mozambique,MOZ,2004,0.36259493,431.08264,106731.414,86.86903,2.154487
Mozambique,MOZ,2005,6.8207426,219.86732,149491.48,112.675095,2.5001857
Mozambique,MOZ,2006,5.3655257,899.0398,170957.11,85.64427,3.0567172
Mozambique,MOZ,2007,1.8891488,620.83124,137222.17,55.47604,2.9870718
Mozambique,MOZ,2008,2.0302064,909.38464,203047.55,267.57477,2.1536527
Mozambique,MOZ,2009,7.0379176,531.3882,216025.31,246.92067,15.21391
Mozambique,MOZ,2010,2.973033,440.69128,193410.12,146.95445,11.12047
Mozambique,MOZ,2011,5.946291,287.16214,149480.27,124.88512,18.620218
Mozambique,MOZ,2012,5.365862,522.0398,138548.8,87.07702,4.096248
Mozambique,MOZ,2013,0.79763925,1155.3613,159273.17,94.40107,6.044645
Mozambique,MOZ,2014,7.9039183,644.82996,199264.94,74.38448,7.2929807
Mozambique,MOZ,2015,7.905077,853.614,180267.31,59.12638,4.7935495
Mozambique,MOZ,2016,6.9683623,816.92267,249409.9,67.074005,2.707098
Mozambique,MOZ,2017,7.259245,1134.2021,357175.8,220.01,49.56669
Mozambique,MOZ,2018,16.41745,454.88382,171676.75,57.557487,20.91189
Mozambique,MOZ,2019,68.023,929.6914,234098.89,374.6377,9.588778
Mozambique,MOZ,2020,42.097538,484.92548,231597.55,183.95802,9.937035
Mozambique,MOZ,2021,80.20792,482.2924,277093.1,168.35048,15.626977
Mozambique,MOZ,2022,173.59279,566.979,236874.73,93.53977,5.7692213
Mozambique,MOZ,2023,442.94736,523.80566,261074.08,73.503685,9.73194
Myanmar,MMR,2001,4035.8345,16294.666,24091.863,,127.48604
Myanmar,MMR,2002,6591.468,22380.4,36686.887,0.069202736,163.55695
Myanmar,MMR,2003,7565.3643,23843.393,45274.367,,179.09714
Myanmar,MMR,2004,10016.851,34118.574,57213.953,,338.61044
Myanmar,MMR,2005,11316.713,31043.33,48751.668,,280.10074
Myanmar,MMR,2006,10554.575,38775.355,77241.45,,479.13
Myanmar,MMR,2007,14998.77,50006.133,80851.62,,327.5857
Myanmar,MMR,2008,13464.563,37464.58,66964.914,,832.5589
Myanmar,MMR,2009,20990.838,63516.246,130550.67,,681.9515
Myanmar,MMR,2010,16524.656,57323.33,94691.195,,850.44116
Myanmar,MMR,2011,12949.436,43572.79,78108.555,,545.3756
Myanmar,MMR,2012,16923.135,73144.414,133374.58,,604.0702
Myanmar,MMR,2013,18437.887,80998.19,147321.36,,704.0584
Myanmar,MMR,2014,25149.264,97401.49,207232.56,,1071.3297
Myanmar,MMR,2015,23831.402,90382.93,177569.27,,1123.3533
Myanmar,MMR,2016,32480.152,105119.29,222843.22,,1742.1345
Myanmar,MMR,2017,29015.32,97039.46,213600.03,,1819.831
Myanmar,MMR,2018,24773.402,80117.59,172237.06,,1406.5128
Myanmar,MMR,2019,27540.195,91523.62,189096.89,,1008.575
Myanmar,MMR,2020,28106.184,92096.09,188129.9,,1332.9088
Myanmar,MMR,2021,30261.914,90325.445,181551.27,,1807.5411
Myanmar,MMR,2022,25532.07,75526.44,158252.34,,1504.7028
Myanmar,MMR,2023,32746.832,92993.914,179751.55,,1610.5956
Namibia,NAM,2001,0.21820834,2.4187894,61.471863,207.22675,
Namibia,NAM,2005,0.14551258,0.5865346,22.155403,7.0228467,
Namibia,NAM,2007,0.07275262,1.0927073,34.864563,14.791889,
Namibia,NAM,2010,0.07275272,0.659573,15.48115,1.1001505,
Namibia,NAM,2011,3.2018232,3.0780132,40.468727,9.689953,
Namibia,NAM,2019,1.0915527,,0.29374748,0.508231,
Namibia,NAM,2020,0.145539,,0.43987098,,
Namibia,NAM,2021,0.07276934,0.7328475,0.5860097,0,
Namibia,NAM,2002,,3.2281706,65.01927,21.703264,
Namibia,NAM,2003,,2.6388166,76.45673,88.790695,
Namibia,NAM,2004,,1.099121,10.343711,27.574986,
Namibia,NAM,2006,,0.2198364,6.3101244,0.73155314,
Namibia,NAM,2008,,3.8795311,11.736883,1.1695535,
Namibia,NAM,2009,,1.0994875,53.11212,8.202627,
Namibia,NAM,2012,,0.073375866,11.145199,4.2521405,
Namibia,NAM,2014,,0.14655276,0.22028115,,
Namibia,NAM,2016,,0.14653221,0.8803227,,
Namibia,NAM,2017,,0.65940166,0.734161,0,
Namibia,NAM,2018,,0.22021581,7.639556,,
Namibia,NAM,2022,,0.073267624,0.4401909,0,
Namibia,NAM,2023,,0.8059319,0.29367518,0,
Namibia,NAM,2013,,,0.5870579,,
Namibia,NAM,2015,,,0.2203956,,
Nepal,NPL,2001,,1143.4795,207.44827,22.038685,50.185913
Nepal,NPL,2002,,1482.1294,412.5203,8.691474,65.32088
Nepal,NPL,2003,,1565.3383,311.80328,41.15085,14.888268
Nepal,NPL,2004,,1566.8694,447.39444,110.96004,82.59685
Nepal,NPL,2005,,2089.4705,324.58646,81.99581,37.200146
Nepal,NPL,2006,,2289.5305,627.1179,63.028088,25.277452
Nepal,NPL,2007,,2361.4055,629.5802,59.484962,29.731173
Nepal,NPL,2008,,1941.5674,584.212,176.82314,86.56862
Nepal,NPL,2009,,3616.5447,867.56726,466.907,125.734276
Nepal,NPL,2010,,1534.6031,443.82706,124.57934,36.074444
Nepal,NPL,2011,,2260.3135,327.68158,38.4124,21.655867
Nepal,NPL,2012,,3689.0898,683.23474,118.15124,48.945328
Nepal,NPL,2013,,696.028,76.320404,9.262141,11.321247
Nepal,NPL,2014,,792.6448,229.74274,8.148747,2.7956464
Nepal,NPL,2015,,540.12335,24.48512,0.2025193,0.20485857
Nepal,NPL,2016,,892.5541,38.24399,0.9555274,2.1851351
Nepal,NPL,2017,,1780.5856,105.27621,340.11877,3.1525528
Nepal,NPL,2018,,1387.1228,140.2168,37.83913,9.5405245
Nepal,NPL,2019,,1655.0426,242.9825,16.00874,6.2163005
Nepal,NPL,2020,,1906.1158,162.90143,17.409145,8.671213
Nepal,NPL,2021,,2298.8508,251.81514,30.806192,16.445068
Nepal,NPL,2022,,1729.2125,165.90495,7.4564734,15.683149
Nepal,NPL,2023,,2027.3173,207.69475,7.129934,6.491659
Netherlands,NLD,2001,,508.1685,19.679924,56.545414,35.886154
Netherlands,NLD,2002,,584.9467,36.32362,115.63134,14.392515
Netherlands,NLD,2003,,236.20052,15.614162,24.830107,16.45702
Netherlands,NLD,2004,,1199.3873,29.555498,36.180424,12.268581
Netherlands,NLD,2005,,1245.9418,43.060688,81.89426,39.767654
Netherlands,NLD,2006,,1293.2368,38.308376,70.96766,30.757097
Netherlands,NLD,2007,,1373.4701,43.123177,108.836235,41.345657
Netherlands,NLD,2008,,936.4687,85.06121,59.828194,32.2167
Netherlands,NLD,2009,,1279.6006,87.0083,81.444855,47.188313
Netherlands,NLD,2010,,2951.1357,106.587234,210.47029,55.24241
Netherlands,NLD,2011,,961.526,30.559456,71.88465,27.87479
Netherlands,NLD,2012,,788.0906,27.183683,51.485275,27.750175
Netherlands,NLD,2013,,459.04956,7.256746,23.713528,8.28984
Netherlands,NLD,2014,,748.34186,19.949163,60.38862,24.667957
Netherlands,NLD,2015,,753.3117,26.177864,69.19447,7.5588317
Netherlands,NLD,2016,,1157.1534,38.88265,131.23012,21.800165
Netherlands,NLD,2017,,1084.0203,37.53717,83.38901,45.939434
Netherlands,NLD,2018,,1069.4092,27.221607,76.37986,40.23415
Netherlands,NLD,2019,,2008.9834,42.526978,232.79672,103.29405
Netherlands,NLD,2020,,1575.5748,44.626556,155.29575,51.732174
Netherlands,NLD,2021,,2084.8767,55.68992,149.11122,56.79589
Netherlands,NLD,2022,,1027.5298,20.540699,57.147434,28.252512
Netherlands,NLD,2023,,1376.7773,46.586758,76.49672,43.638107
New Caledonia,NCL,2001,0.7183265,183.50429,431.19302,,24.478952
New Caledonia,NCL,2002,2.1545475,93.30565,440.0728,,50.671432
New Caledonia,NCL,2003,0.2872747,112.90869,676.602,,14.204827
New Caledonia,NCL,2004,10.201384,131.42274,1205.9185,,87.29391
New Caledonia,NCL,2005,1.4365016,170.08447,1250.1189,,6.9232097
New Caledonia,NCL,2006,0.35915357,44.26629,2001.2861,,57.67602
New Caledonia,NCL,2007,9.122502,90.80827,814.5759,,26.9099
New Caledonia,NCL,2008,0.07183008,41.841064,403.61328,,21.055618
New Caledonia,NCL,2009,0.8619209,139.18019,739.8647,,35.75631
New Caledonia,NCL,2010,0.21564054,111.06194,384.18683,,29.838655
New Caledonia,NCL,2011,3.1604333,99.798676,513.25964,,18.845097
New Caledonia,NCL,2012,0.5025713,60.042427,639.86176,,7.993746
New Caledonia,NCL,2013,6.8231444,401.8836,1662.0239,,7.707948
New Caledonia,NCL,2014,133.9517,318.1714,1444.0684,,19.269077
New Caledonia,NCL,2015,3.1597102,101.621216,348.8813,,9.27925
New Caledonia,NCL,2016,8.260071,260.8601,987.01483,,6.9232216
New Caledonia,NCL,2017,0.5031839,174.65009,902.6006,,16.13019
New Caledonia,NCL,2018,21.054636,132.87036,2825.7346,,8.277616
New Caledonia,NCL,2019,0.28747797,99.42496,652.0653,,25.199682
New Caledonia,NCL,2020,21.563602,156.13524,3777.1943,,14.421861
New Caledonia,NCL,2021,6.9694514,55.939167,537.0337,,1.4990948
New Caledonia,NCL,2022,0.57450616,43.5688,302.3183,,0.9275692
New Caledonia,NCL,2023,3.0879216,205.94102,369.3353,,10.778073
New Zealand,NZL,2001,25.760128,48360.348,13.986716,531.9653,1173.7787
New Zealand,NZL,2002,25.04854,61185.71,31.12665,237.34467,1349.6075
New Zealand,NZL,2003,32.862732,43185.926,29.10442,243.56136,874.776
New Zealand,NZL,2004,11.80248,58744.082,16.017124,376.77182,1148.3109
New Zealand,NZL,2005,47.18854,50312.94,43.71913,733.00555,892.7216
New Zealand,NZL,2006,143.76735,59683.71,28.079279,662.14606,761.98065
New Zealand,NZL,2007,93.80568,59738.28,62.540554,928.8701,1292.3624
New Zealand,NZL,2008,32.614304,58079.9,123.39705,1643.6965,1058.587
New Zealand,NZL,2009,33.141518,56851.05,81.61244,1228.6199,877.30206
New Zealand,NZL,2010,65.71748,53065.375,34.957657,1379.9883,1167.0463
New Zealand,NZL,2011,76.194016,57367.945,34.969036,870.5654,1052.2744
New Zealand,NZL,2012,95.56591,66460.42,62.70727,948.6652,1252.107
New Zealand,NZL,2013,122.48384,73610.04,106.46705,1631.2439,1368.1493
New Zealand,NZL,2014,50.510902,71086.51,1768.826,4678.6143,1015.29834
New Zealand,NZL,2015,81.908554,61642.17,144.20557,1236.147,680.02576
New Zealand,NZL,2016,81.816895,75898.04,16.695414,2302.8904,1538.2264
New Zealand,NZL,2017,123.70957,72524.18,26.59935,612.02185,1228.2177
New Zealand,NZL,2018,73.857666,76548.45,154.22107,593.1636,1437.5272
New Zealand,NZL,2019,24.305496,68686.7,187.18925,733.28046,1447.0337
New Zealand,NZL,2020,14.476603,58786.04,124.39379,782.50903,820.8012
New Zealand,NZL,2021,53.7361,64394.754,112.32307,536.3745,851.7042
New Zealand,NZL,2022,58.38351,56481.395,39.471634,797.29767,863.02814
New Zealand,NZL,2023,79.8761,48462.33,36.5576,739.49225,1102.7129
Nicaragua,NIC,2001,1427.7872,425.1971,42123.87,1.9552453,69.029884
Nicaragua,NIC,2002,1786.3352,116.65636,52243.7,2.1064808,8.581594
Nicaragua,NIC,2003,2292.2454,220.27884,44388.418,0.52634054,22.807938
Nicaragua,NIC,2004,1496.4579,300.16025,19189.965,2.4829237,38.767
Nicaragua,NIC,2005,3128.1116,150.08678,91800.664,20.466492,9.559271
Nicaragua,NIC,2006,1730.1559,170.94086,36858.72,3.309558,74.522575
Nicaragua,NIC,2007,2373.2175,239.74826,85790.3,6.772039,32.06509
Nicaragua,NIC,2008,3284.3828,191.87766,50260.18,19.18772,18.967772
Nicaragua,NIC,2009,5279.6494,209.94989,77505.32,44.316498,28.755724
Nicaragua,NIC,2010,9178.084,376.14783,202860.89,27.661667,28.604736
Nicaragua,NIC,2011,2255.7136,25.387655,40987.188,0.60129136,4.064706
Nicaragua,NIC,2012,2394.9626,286.6801,30935.902,10.3065605,60.4419
Nicaragua,NIC,2013,3999.168,195.5859,39790.06,7.900224,22.882215
Nicaragua,NIC,2014,7553.2124,208.73119,67689.81,24.07655,38.0841
Nicaragua,NIC,2015,4923.047,67.192474,30505.479,5.7142324,10.236331
Nicaragua,NIC,2016,14651.623,61.38775,127630.805,15.793505,17.988565
Nicaragua,NIC,2017,6504.97,77.95089,204988.28,3.0833385,42.825672
Nicaragua,NIC,2018,5993.257,36.924206,65271.348,15.036339,34.62508
Nicaragua,NIC,2019,6096.8384,16.749712,71602.555,84.425545,28.306
Nicaragua,NIC,2020,34961.848,42.190437,76160.14,10.972694,90.33934
Nicaragua,NIC,2021,21494.582,24.366335,70259.88,3.081403,22.584564
Nicaragua,NIC,2022,2435.6602,33.526505,46337.19,50.27618,98.54406
Nicaragua,NIC,2023,12889.003,43.685703,104604.195,7.9763837,3.9894736
Niger,NER,2021,,,,0,
Niger,NER,2022,,,,0,
Niger,NER,2023,,,,0,
Nigeria,NGA,2001,2398.289,1562.3262,35653.7,30.597378,3631.469
Nigeria,NGA,2002,1183.0399,2101.12,27331.443,40.970615,1596.2905
Nigeria,NGA,2003,234.28741,182.06311,12301.112,13.100959,568.9393
Nigeria,NGA,2004,116.72404,145.8559,13957.698,3.7933674,338.77576
Nigeria,NGA,2005,288.8061,363.54224,10937.927,14.660309,1536.589
Nigeria,NGA,2006,633.477,514.705,23671.084,32.47115,1231.7528
Nigeria,NGA,2007,614.6321,742.2838,20005.16,28.217632,3102.4785
Nigeria,NGA,2008,679.1663,497.08945,23561.19,28.813057,2606.8232
Nigeria,NGA,2009,430.8395,374.8153,22201.875,11.733743,2140.8
Nigeria,NGA,2010,901.16205,769.2771,28486.826,10.258531,2487.5552
Nigeria,NGA,2011,2032.376,1094.1931,47566.54,23.30838,3062.4524
Nigeria,NGA,2012,729.5941,486.54977,30405.826,9.002713,3260.2144
Nigeria,NGA,2013,1734.8029,1123.5701,37419.723,5.5803776,3023.951
Nigeria,NGA,2014,2696.7444,1458.343,61035.24,50.920223,3275.9307
Nigeria,NGA,2015,1057.1848,425.69803,36739.64,26.759308,2657.8909
Nigeria,NGA,2016,2566.4092,1031.0774,63948.855,28.440664,4529.669
Nigeria,NGA,2017,4661.119,1337.2319,151175.39,68.57892,13651.218
Nigeria,NGA,2018,3152.3105,979.4622,108352.586,35.092564,7216.7354
Nigeria,NGA,2019,1062.2854,316.76733,80453.31,128.37602,4887.3276
Nigeria,NGA,2020,1916.1139,934.54553,89619.71,25.383244,6570.1743
Nigeria,NGA,2021,1926.8132,1386.789,87068.09,36.22928,6647.5537
Nigeria,NGA,2022,2687.6545,794.70374,96394.9,33.18064,6225.579
Nigeria,NGA,2023,776.9961,925.26025,78185.76,49.336563,5312.463
North America,,2001,64417.67,2422187,329846.47,738856.1,109703.44
North America,,2002,58740.816,2479543.2,322794.34,1750055,101760.76
North America,,2003,69099.516,1961365.2,317527.38,1193485.8,87883.734
North America,,2004,71677.95,2981043.8,294242.06,2304287.2,136744.72
North America,,2005,89832.36,2886133,448747.4,2574853.8,130894.2
North America,,2006,87182.766,2752683.8,318170.94,2092810.8,139526.06
North America,,2007,90754.164,2882016.5,465525.88,1519377.5,128494.734
North America,,2008,81449.266,2614229.8,394598.12,1427687.4,102382.8
North America,,2009,119005.07,2028617.6,489396.75,1048461.8,72868.24
North America,,2010,69063.91,2327565.8,488858.9,1845452.5,78588.1
North America,,2011,71478.836,2136214.5,347277.53,1602808.8,70393.875
North America,,2012,80872.75,2573875.8,331004.78,1808533.5,89026.81
North America,,2013,89645.44,2074381.4,332642.06,2380305.2,66532.6
North America,,2014,81054.2,2330267.5,363033.2,1940443.6,85852.586
North America,,2015,83659.78,2404266,311288.72,2529859.5,80819.016
North America,,2016,139076.02,2801023.5,822697.94,1428718,107868.65
North America,,2017,142454.38,3165010.5,797747,1597542.1,128177.52
North America,,2018,105273.91,2721572,472787.25,1388750,112855.234
North America,,2019,119543.58,2641318.2,554171,1539113.2,91273.77
North America,,2020,173867.38,2304013,532910.94,754820,92456.445
North America,,2021,109703.9,2776188.5,363684.2,1678361,99041.17
North America,,2022,76165.67,2417619.5,319802.2,1973564,93888.33
North America,,2023,144056.05,3137932,488166.75,6707552,80649.39
North Korea,PRK,2001,,11246.151,2.9825945,453.21176,15.94265
North Korea,PRK,2002,,4911.6953,6.3158827,348.47696,5.2659025
North Korea,PRK,2003,,6664.9897,9.590117,577.31635,3.1633923
North Korea,PRK,2004,,10262.198,7.894813,948.5088,12.421217
North Korea,PRK,2005,,15470.131,17.427294,926.1081,15.090798
North Korea,PRK,2006,,11529.484,32.572544,610.9765,51.0546
North Korea,PRK,2007,,12748.147,57.959293,356.19708,18.785233
North Korea,PRK,2008,,15931.405,124.74131,2534.152,23.462257
North Korea,PRK,2009,,11589.995,8.830308,1392.3385,24.368809
North Korea,PRK,2010,,17633.342,44.33301,1049.228,49.377964
North Korea,PRK,2011,,5120.283,1.9885478,170.58348,6.8209243
North Korea,PRK,2012,,15776.401,9.591797,682.7252,54.514973
North Korea,PRK,2013,,4708.153,25.382597,242.4088,5.5582285
North Korea,PRK,2014,,10674.886,45.092167,155.48068,27.662067
North Korea,PRK,2015,,10688.526,25.788557,116.173454,13.21531
North Korea,PRK,2016,,11111.517,32.50386,248.7167,23.940979
North Korea,PRK,2017,,8291.553,8.992446,171.00247,27.019295
North Korea,PRK,2018,,7536.4146,1.5207168,133.71304,8.011975
North Korea,PRK,2019,,25163.486,1.4044337,2228.7786,30.937416
North Korea,PRK,2020,,14247.229,0.17558034,317.03665,68.125114
North Korea,PRK,2021,,13518.457,0.17559056,127.40332,40.69158
North Korea,PRK,2022,,8900.517,1.4624717,74.19942,32.582077
North Korea,PRK,2023,,10039.6455,10.438157,50.530212,14.568069
North Macedonia,MKD,2001,,1541.5762,,479.17798,
North Macedonia,MKD,2002,,773.05457,,108.04573,
North Macedonia,MKD,2003,,780.1964,,101.86408,
North Macedonia,MKD,2004,,1699.153,,474.39923,
North Macedonia,MKD,2005,,1175.5385,,117.796326,
North Macedonia,MKD,2006,,1787.5596,,241.04076,
North Macedonia,MKD,2007,,2166.1128,,1681.897,
North Macedonia,MKD,2008,,2853.009,,1087.7745,
North Macedonia,MKD,2009,,3060.024,,1194.1028,
North Macedonia,MKD,2010,,1921.4626,,279.60178,
North Macedonia,MKD,2011,,1894.6445,,243.50885,
North Macedonia,MKD,2012,,2380.1052,,513.14465,
North Macedonia,MKD,2013,,879.1446,,250.23793,
North Macedonia,MKD,2014,,1587.1927,,219.27637,
North Macedonia,MKD,2015,,705.4745,,75.030235,
North Macedonia,MKD,2016,,1343.5598,,151.29001,
North Macedonia,MKD,2017,,1055.0194,,82.0053,
North Macedonia,MKD,2018,,1422.7438,,108.75377,
North Macedonia,MKD,2019,,1603.9417,,170.02606,
North Macedonia,MKD,2020,,1672.6428,,146.07814,
North Macedonia,MKD,2021,,2191.5952,,100.19958,
North Macedonia,MKD,2022,,2213.3787,,215.11276,
North Macedonia,MKD,2023,,2676.914,,118.098816,
Northern Cyprus,OWID_CYN,2001,,13.810137,2.841705,,
Northern Cyprus,OWID_CYN,2002,,2.8988752,0.44197223,,
Northern Cyprus,OWID_CYN,2003,,1.9531959,0.5052781,,
Northern Cyprus,OWID_CYN,2004,,5.4196444,5.5564413,,
Northern Cyprus,OWID_CYN,2005,,1.828036,0.50504524,,
Northern Cyprus,OWID_CYN,2006,,5.231958,5.177238,,
Northern Cyprus,OWID_CYN,2007,,7.8168173,3.915942,,
Northern Cyprus,OWID_CYN,2008,,15.259699,3.7901752,,
Northern Cyprus,OWID_CYN,2009,,13.996602,6.504126,,
Northern Cyprus,OWID_CYN,2010,,4.282452,3.9788136,,
Northern Cyprus,OWID_CYN,2011,,2.204546,9.217525,,
Northern Cyprus,OWID_CYN,2012,,1.7022264,1.3264198,,
Northern Cyprus,OWID_CYN,2013,,5.6694164,6.882561,,
Northern Cyprus,OWID_CYN,2014,,19.276321,5.9992967,,
Northern Cyprus,OWID_CYN,2015,,0.18912223,14.714042,,
Northern Cyprus,OWID_CYN,2016,,0.6931257,21.15508,,
Northern Cyprus,OWID_CYN,2017,,0.062983036,26.901148,,
Northern Cyprus,OWID_CYN,2018,,0.3148908,16.861797,,
Northern Cyprus,OWID_CYN,2019,,1.0720824,10.925598,,
Northern Cyprus,OWID_CYN,2020,,0.12610275,6.059023,,
Northern Cyprus,OWID_CYN,2021,,0.12606616,1.8309244,,
Northern Cyprus,OWID_CYN,2022,,524.88916,2.269843,,
Northern Cyprus,OWID_CYN,2023,,36.987396,3.9159365,,
Norway,NOR,2001,,21703.771,2.3093371,132.03583,
Norway,NOR,2002,,25500.963,0.45660764,179.2303,
Norway,NOR,2003,,14283.956,0.77350205,145.0679,
Norway,NOR,2004,,31854.693,142.98808,555.4129,
Norway,NOR,2005,,24125.72,18.703714,178.23376,
Norway,NOR,2006,,38981.56,24.925678,488.40298,
Norway,NOR,2007,,31227.086,1.1956565,140.21764,
Norway,NOR,2008,,33061.23,1.4078875,137.76683,
Norway,NOR,2009,,22622.291,1.0915068,146.61192,
Norway,NOR,2010,,38931.492,0.23887154,262.8404,
Norway,NOR,2011,,32010.674,9.090171,168.19197,
Norway,NOR,2012,,29051.465,0.43415394,207.22705,
Norway,NOR,2013,,31928.373,0.106168084,269.35828,
Norway,NOR,2014,,38401.723,0.13289602,264.76447,
Norway,NOR,2015,,36303.93,0.070989065,109.196785,
Norway,NOR,2016,,59234.203,,435.8283,
Norway,NOR,2017,,57067.89,0.9146899,416.68567,
Norway,NOR,2018,,57921.66,0.052974533,505.33923,
Norway,NOR,2019,,63433.266,0.39042664,778.6495,
Norway,NOR,2020,,66579.18,0.22176151,549.1559,
Norway,NOR,2021,,62515.63,0.42588577,520.82605,
Norway,NOR,2022,,66194.28,0.3711503,392.3647,
Norway,NOR,2023,,57843.832,1.3486832,45.65108,
Oceania,,2001,1997.5841,125786.68,29863.1,146348.45,2832.962
Oceania,,2002,2307.7317,144831.31,48068.883,233477.72,3727.439
Oceania,,2003,5541.555,175817.88,29950.121,236414.23,4016.9465
Oceania,,2004,2775.4246,156984.1,53245.254,30970.355,3973.1406
Oceania,,2005,4013.3672,151172.4,40755.797,75505.625,3697.1616
Oceania,,2006,2631.4387,173512.88,54375.074,76146.984,3674.3057
Oceania,,2007,4484.158,236219.6,47239.074,196316.67,4831.484
Oceania,,2008,2202.4292,165618.38,67844.12,106779.66,3775.2634
Oceania,,2009,1665.111,218139.61,48163.484,47525.95,3270.8042
Oceania,,2010,2983.7803,142152.75,63748.566,208797.97,3668.5532
Oceania,,2011,1500.2314,145191.62,55508.043,33778.285,2929.025
Oceania,,2012,4388.232,159514.08,68526.336,49639.957,7345.058
Oceania,,2013,6185.264,214766.08,60935.99,109889.46,13865.358
Oceania,,2014,10084.034,222072.48,120485.586,127844.07,3949.2297
Oceania,,2015,3735.3552,213070.89,165660.81,137464.97,4213.0347
Oceania,,2016,2761.719,389676.1,160075.56,152041,9641.342
Oceania,,2017,6439.9277,235965.42,126738.72,75281.195,6517.6543
Oceania,,2018,3767.5483,215674.69,125623.72,114596.63,8867.361
Oceania,,2019,50015.477,623934.9,103966.164,1045140.1,21150.365
Oceania,,2020,16726.266,929427,91449.3,1463654.4,16352.52
Oceania,,2021,8188.0073,203207.36,80689.63,120346.81,9285.226
Oceania,,2022,1760.5901,151062.95,130384.23,40809.65,9863.141
Oceania,,2023,5224.6387,127298.47,83847.44,117208.06,2930.9622
Pakistan,PAK,2001,,69.628746,0.9029336,2.331433,22.516056
Pakistan,PAK,2002,,193.33556,4.4473286,30.23643,6.4550977
Pakistan,PAK,2003,,296.6217,25.489506,43.574593,13.68035
Pakistan,PAK,2004,,576.4565,30.839796,267.78085,36.83787
Pakistan,PAK,2005,,415.4307,2.6419015,277.43338,17.554205
Pakistan,PAK,2006,,670.56366,40.648552,279.35184,23.547659
Pakistan,PAK,2007,,546.5884,12.5858345,252.48007,31.12035
Pakistan,PAK,2008,,535.01483,16.310213,153.12434,30.885109
Pakistan,PAK,2009,,420.32132,10.902674,212.52533,60.339573
Pakistan,PAK,2010,,228.22954,9.993417,325.5797,8.2021
Pakistan,PAK,2011,,253.42055,7.4888563,48.370464,6.4008965
Pakistan,PAK,2012,,97.14693,2.93444,8.109433,35.059547
Pakistan,PAK,2013,,38.16868,1.7907573,0.4536831,0
Pakistan,PAK,2014,,23.06082,1.2192324,0.06504147,0.19111289
Pakistan,PAK,2015,,2.161415,,,
Pakistan,PAK,2017,,132.08743,,,
Pakistan,PAK,2018,,56.789845,0.5775057,,
Pakistan,PAK,2019,,56.9624,0.19350484,0.57021546,
Pakistan,PAK,2020,,48.498444,0.5155353,0.12999068,
Pakistan,PAK,2021,,28.029919,0,,0.38499838
Pakistan,PAK,2022,,19.62747,2.5672643,,0
Pakistan,PAK,2023,,119.901024,9.936904,0,3.5336497
Palau,PLW,2001,2.7499537,,40.3621,,
Palau,PLW,2003,0.15277457,,14.802717,,
Palau,PLW,2006,0.076387815,,28.840496,,
Palau,PLW,2007,0.8402673,,73.55087,,
Palau,PLW,2008,0.15277863,,54.781483,,
Palau,PLW,2009,0.15277928,,23.423643,,
Palau,PLW,2010,0.15277788,,25.711853,,
Palau,PLW,2012,1.756935,,22.811834,,
Palau,PLW,2013,2.3680804,,13.891592,,
Palau,PLW,2014,43.465206,,44.126823,,
Palau,PLW,2020,0.076387346,,15.644073,,
Palau,PLW,2022,5.576347,,3.3571556,,
Palau,PLW,2023,21.388638,,12.444593,,
Palau,PLW,2002,,,54.705402,,
Palau,PLW,2004,,,21.667818,,
Palau,PLW,2005,,,27.924868,,
Palau,PLW,2011,,,23.880135,,
Palau,PLW,2018,,,3.891266,,
Palau,PLW,2019,,,6.8671975,,
Palau,PLW,2021,,,2.5943503,,
Palestine,PSE,2001,,0.8498267,1.1734903,,0.1959853
Palestine,PSE,2002,,1.0463536,0.5881317,,
Palestine,PSE,2003,,0.19741593,0.39171943,,0.84962815
Palestine,PSE,2004,,0.59148806,0.06538125,,0.39262792
Palestine,PSE,2005,,0.2607634,0.13069297,,
Palestine,PSE,2006,,0.65819764,0.06521786,,
Palestine,PSE,2007,,0.91870594,0.13059661,,
Palestine,PSE,2008,,2.0895104,0.39143032,,0.06532385
Palestine,PSE,2009,,1.1796187,0.06521149,,
Palestine,PSE,2010,,0.5902902,0.39152128,,
Palestine,PSE,2011,,0.06561666,0.13042474,,
Palestine,PSE,2012,,0.32728794,0.1304911,,
Palestine,PSE,2013,,0.3292172,0.06522618,,
Palestine,PSE,2014,,0.06561544,0.2612718,,0.26246437
Palestine,PSE,2015,,0.1302804,,,
Palestine,PSE,2016,,0,,,
Palestine,PSE,2017,,0.6552159,,,0.13095333
Palestine,PSE,2018,,0.9778474,,,1.0498402
Palestine,PSE,2019,,0.26246855,,,
Palestine,PSE,2023,,0,0.19615166,,0
Palestine,PSE,2020,,,0.13073875,,0.13064611
Panama,PAN,2001,704.8387,415.74005,16974.445,,90.12944
Panama,PAN,2002,645.4482,579.0215,17868.672,,27.129425
Panama,PAN,2003,449.11862,145.37383,10599.119,,20.443338
Panama,PAN,2004,405.55414,413.99182,15711.434,,197.67084
Panama,PAN,2005,645.41846,270.63834,11327.362,,38.835205
Panama,PAN,2006,3007.1792,593.445,30504.195,,75.539955
Panama,PAN,2007,631.29297,370.10995,19467.748,,73.41644
Panama,PAN,2008,2622.6956,1056.7112,35865.043,,213.71089
Panama,PAN,2009,2583.7227,636.6686,33454.27,,116.4265
Panama,PAN,2010,713.6907,225.78383,14277.045,,95.006805
Panama,PAN,2011,1121.7777,281.37552,21437.43,,46.584522
Panama,PAN,2012,578.7538,273.99594,15914.829,,153.985
Panama,PAN,2013,716.96234,187.24052,12960.657,,39.215122
Panama,PAN,2014,649.3525,270.47028,12852.848,,92.33355
Panama,PAN,2015,735.7304,168.47595,9520.98,,48.864883
Panama,PAN,2016,591.71124,139.10536,16452.045,,45.823074
Panama,PAN,2017,1192.7948,329.80008,29045.496,,182.38812
Panama,PAN,2018,891.1488,312.20532,26584.484,,91.58683
Panama,PAN,2019,1702.6366,376.59122,31799.438,,48.26213
Panama,PAN,2020,1009.3049,363.9543,25783.865,,55.325966
Panama,PAN,2021,927.5165,221.6765,23105.06,,48.942173
Panama,PAN,2022,526.05133,123.39415,16596.283,,37.082203
Panama,PAN,2023,1003.86316,258.06793,23760.162,,54.487236
Papua New Guinea,PNG,2001,27.282259,8275.3,27175.354,,95.8677
Papua New Guinea,PNG,2002,21.670864,9627.907,43848.61,,298.58762
Papua New Guinea,PNG,2003,14.370219,5139.064,26189.492,,126.56553
Papua New Guinea,PNG,2004,39.821556,9598.864,47616.754,,388.99802
Papua New Guinea,PNG,2005,11.607183,5947.2104,32482.17,,116.170334
Papua New Guinea,PNG,2006,6.803952,8976.733,46505.832,,338.03485
Papua New Guinea,PNG,2007,7.2692933,7748.7046,40504.023,,301.59995
Papua New Guinea,PNG,2008,10.680423,10572.193,59246.09,,575.35065
Papua New Guinea,PNG,2009,16.718899,7507.71,40590.145,,386.55682
Papua New Guinea,PNG,2010,25.082483,10908.202,56350.02,,658.634
Papua New Guinea,PNG,2011,45.931087,8616.837,43265.31,,338.3494
Papua New Guinea,PNG,2012,38.447018,12345.627,59101.977,,515.50507
Papua New Guinea,PNG,2013,8.973961,7864.5415,47962.02,,302.61487
Papua New Guinea,PNG,2014,76.97805,11830.025,92418.555,,280.01886
Papua New Guinea,PNG,2015,67.49576,32828.297,146232.77,,550.6425
Papua New Guinea,PNG,2016,157.9161,40048.3,135957.52,,512.7862
Papua New Guinea,PNG,2017,317.3067,12822.844,103147.49,,423.13214
Papua New Guinea,PNG,2018,79.628525,11967.561,104228.7,,777.5001
Papua New Guinea,PNG,2019,41.59121,11280.291,82479.516,,508.75357
Papua New Guinea,PNG,2020,32.327858,7725.9976,69588.805,,443.97586
Papua New Guinea,PNG,2021,49.03259,7579.4365,67891.74,,578.7366
Papua New Guinea,PNG,2022,63.9716,17674.96,117100.695,,6645.754
Papua New Guinea,PNG,2023,108.24168,9869.58,73483.266,,178.72635
Paraguay,PRY,2001,98917.16,1964.4468,47989.023,1217.6132,25.222118
Paraguay,PRY,2002,124668.69,2244.9915,66844.8,1178.9862,43.389614
Paraguay,PRY,2003,170337.75,5066.785,90224.17,1389.187,71.11329
Paraguay,PRY,2004,128215.72,3261.4968,114794.586,841.6379,75.7893
Paraguay,PRY,2005,185865.19,2046.491,72503.03,1996.2318,52.326057
Paraguay,PRY,2006,112942.12,1225.8551,32958.98,918.3355,57.27359
Paraguay,PRY,2007,327645.34,1661.9749,94150.055,2481.115,44.79282
Paraguay,PRY,2008,320394.72,1774.6237,51798.25,2038.9614,104.94526
Paraguay,PRY,2009,319354.8,718.2274,30816.436,2053.45,66.403175
Paraguay,PRY,2010,392023.28,1067.3317,46241.535,2539.052,66.16631
Paraguay,PRY,2011,386340.28,999.87134,66641.9,2955.8533,55.7596
Paraguay,PRY,2012,418518,1914.4648,86246.164,2658.8787,76.79652
Paraguay,PRY,2013,259388.34,1894.2842,52341.082,4694.208,28.154596
Paraguay,PRY,2014,284811.06,2830.3005,54008.51,3789.7454,62.173893
Paraguay,PRY,2015,234131.42,941.03723,39026.168,5126.9297,61.84924
Paraguay,PRY,2016,267531.56,1830.3167,42570.64,7558.8213,161.98595
Paraguay,PRY,2017,262779.94,2743.5012,88299.63,5832.6953,126.248505
Paraguay,PRY,2018,222138.36,1537.8838,33064.574,1872.098,69.76968
Paraguay,PRY,2019,247927.66,958.5155,63085.64,2252.1838,62.866684
Paraguay,PRY,2020,156798.25,1373.0815,81763.23,3223.7441,47.68957
Paraguay,PRY,2021,210053.14,1159.8196,61946.637,3666.177,146.04997
Paraguay,PRY,2022,163057.47,1537.5212,50092.215,2117.9749,137.16336
Paraguay,PRY,2023,150687.8,997.93835,31800.98,973.17773,75.991516
Peru,PER,2001,17135.717,86.76548,67092.24,306.9126,3.5612397
Peru,PER,2002,16301.604,200.0529,62469.05,362.73904,1.7572688
Peru,PER,2003,15811.209,89.06056,56686.562,389.7442,0.980741
Peru,PER,2004,19474.816,100.76616,79973.016,452.26547,0.67498934
Peru,PER,2005,31926.926,178.30109,129063.88,479.12393,0.44892403
Peru,PER,2006,18156.566,152.07515,69180.99,307.9703,0.30561253
Peru,PER,2007,20974.498,112.32423,92690.1,424.4558,0.22601737
Peru,PER,2008,30857.967,177.39442,93661.4,383.42456,0.7485555
Peru,PER,2009,37129.363,135.80168,138629.28,445.40103,0.30243394
Peru,PER,2010,30191.357,226.28316,109476.13,346.42993,0.5254285
Peru,PER,2011,28350.967,112.97592,94646.55,347.95035,0.14961816
Peru,PER,2012,58820.543,246.00595,211172.05,718.42725,2.469584
Peru,PER,2013,51849.777,290.1873,154213.72,655.64215,3.1429763
Peru,PER,2014,51020.547,175.48152,151428.62,718.77637,3.367251
Peru,PER,2015,37826.99,207.50674,126746.62,436.57916,1.4216878
Peru,PER,2016,49607.113,204.87332,178604.81,622.9127,2.3946068
Peru,PER,2017,59314.477,601.20264,238561.42,1455.4384,6.9600945
Peru,PER,2018,44349.133,124.6924,165035.92,620.7287,2.469379
Peru,PER,2019,50683.31,96.0496,178362.95,740.61444,2.619032
Peru,PER,2020,53470.66,131.66975,221959.8,691.42505,2.319248
Peru,PER,2021,51909.613,124.89492,170500.81,731.5431,6.3593073
Peru,PER,2022,54364.324,125.41478,178814.66,742.561,7.482352
Peru,PER,2023,50824.188,141.39967,175618.33,811.92725,1.9453566
Philippines,PHL,2001,4053.9211,27008.86,2220.6372,,1205.372
Philippines,PHL,2002,4422.0073,24272.256,2254.4182,,934.9392
Philippines,PHL,2003,4311.57,28319.86,1472.631,,677.77673
Philippines,PHL,2004,8102.3833,36754.83,2487.464,,891.8721
Philippines,PHL,2005,6911.0293,38364.93,2836.5093,,1246.4017
Philippines,PHL,2006,7114.227,45038.645,3468.406,,1408.1228
Philippines,PHL,2007,9542.689,51491.406,3462.823,,1447.781
Philippines,PHL,2008,5943.521,30148.393,1629.9308,,675.9714
Philippines,PHL,2009,8024.031,46545.004,3475.1353,,2191.3918
Philippines,PHL,2010,11758.937,80704.41,5455.59,,3714.7498
Philippines,PHL,2011,5603.7783,25227.91,1544.1849,,638.69586
Philippines,PHL,2012,8055.933,46144.91,2976.9392,,1704.8745
Philippines,PHL,2013,17203.477,37934.496,2098.0378,,1237.6886
Philippines,PHL,2014,21547.803,75451.6,3007.3777,,1835.2716
Philippines,PHL,2015,15369.021,47476.645,2038.8466,,700.55396
Philippines,PHL,2016,22650.879,97607.914,6186.8735,,1989.6782
Philippines,PHL,2017,21464.46,85871.9,5025.8467,,1429.9261
Philippines,PHL,2018,16340.374,50823.89,2167.865,,940.2279
Philippines,PHL,2019,14011.361,47215.484,1803.0083,,817.43713
Philippines,PHL,2020,12454.808,47869.977,2276.4697,,841.28375
Philippines,PHL,2021,10595.727,35831.152,1579.3256,,605.435
Philippines,PHL,2022,11134.868,66059.5,6112.8594,,827.49274
Philippines,PHL,2023,9521.595,30695.66,1524.1029,,924.0471
Poland,POL,2001,,18910.926,,35.808903,4.828043
Poland,POL,2002,,30886.275,,44.857895,30.718222
Poland,POL,2003,,33143.35,,52.166588,4.836641
Poland,POL,2004,,41664.87,,46.674675,10.987411
Poland,POL,2005,,81920.914,,116.79007,75.19825
Poland,POL,2006,,37477.74,,51.061855,10.774459
Poland,POL,2007,,57070.938,,69.8182,12.769325
Poland,POL,2008,,47739.887,,67.225006,10.29531
Poland,POL,2009,,46683.637,,85.99815,21.974129
Poland,POL,2010,,71378.05,,138.48299,61.113125
Poland,POL,2011,,56418.094,,75.991295,29.446663
Poland,POL,2012,,54635.47,,67.48892,48.513073
Poland,POL,2013,,34919.02,,36.652397,14.784444
Poland,POL,2014,,56083.22,,81.31684,15.337401
Poland,POL,2015,,42601.78,,55.71886,13.62631
Poland,POL,2016,,86217.64,,115.16617,25.023123
Poland,POL,2017,,95898.32,,116.369865,35.11096
Poland,POL,2018,,96573.766,,97.22147,18.30091
Poland,POL,2019,,76485.234,,81.68904,14.331451
Poland,POL,2020,,74687.99,,108.32755,7.5619903
Poland,POL,2021,,77307.88,,105.42242,13.064025
Poland,POL,2022,,71966.1,,85.783424,20.275492
Poland,POL,2023,,76026.99,,47.822,21.344666
Portugal,PRT,2001,,21550.812,180.46574,2609.0535,59.104298
Portugal,PRT,2002,,30573.822,506.95422,3743.9624,64.423645
Portugal,PRT,2003,,24698.676,133.30865,1909.1602,95.90838
Portugal,PRT,2004,,48694.156,372.4706,6051.9155,193.80989
Portugal,PRT,2005,,35887.16,406.24304,2521.7832,107.173744
Portugal,PRT,2006,,37197.09,724.0422,4573.8545,67.97357
Portugal,PRT,2007,,32983.758,262.8668,2918.5742,153.3383
Portugal,PRT,2008,,30303.934,286.39697,2915.7634,106.638855
Portugal,PRT,2009,,33974.78,426.42462,5264.689,187.98373
Portugal,PRT,2010,,41099.23,626.073,6417.739,255.81758
Portugal,PRT,2011,,23804.36,238.87508,2508.4841,117.98386
Portugal,PRT,2012,,47290.336,1549.8374,9244.87,141.70654
Portugal,PRT,2013,,44664.277,644.6894,6402.8022,170.27167
Portugal,PRT,2014,,52682.406,510.6466,6822.957,240.11838
Portugal,PRT,2015,,40842.164,372.17896,4615.0615,261.8292
Portugal,PRT,2016,,80873.375,1049.4886,12396.069,322.13147
Portugal,PRT,2017,,154033.73,585.8704,18999.78,272.9873
Portugal,PRT,2018,,81744.695,1250.5654,14156.418,279.44638
Portugal,PRT,2019,,32646.002,396.63123,3552.964,286.5509
Portugal,PRT,2020,,55440.42,810.8085,5558.8584,228.4356
Portugal,PRT,2021,,31859.283,465.53955,4701.509,191.49532
Portugal,PRT,2022,,40268.41,422.06863,5948.5386,233.12549
Portugal,PRT,2023,,32582.25,396.6812,3196.442,212.61911
Puerto Rico,PRI,2001,,61.239384,1116.5402,,73.85063
Puerto Rico,PRI,2002,,33.69621,1078.8965,,50.0097
Puerto Rico,PRI,2003,,19.043533,1079.4075,,92.271
Puerto Rico,PRI,2004,,36.995464,1206.9218,,76.25691
Puerto Rico,PRI,2005,,41.972855,1162.3867,,83.57449
Puerto Rico,PRI,2006,,32.527317,1093.8353,,108.57695
Puerto Rico,PRI,2007,,52.29936,906.471,,77.8748
Puerto Rico,PRI,2008,,9.888529,1128.7645,,74.215294
Puerto Rico,PRI,2009,,25.564001,884.341,,42.04454
Puerto Rico,PRI,2010,,7.398628,564.3362,,23.252443
Puerto Rico,PRI,2011,,22.779276,1179.1674,,22.2277
Puerto Rico,PRI,2012,,28.644258,608.8772,,15.135009
Puerto Rico,PRI,2013,,24.540155,660.2845,,16.084608
Puerto Rico,PRI,2014,,32.01311,801.0919,,35.67599
Puerto Rico,PRI,2015,,20.439735,680.3632,,20.690329
Puerto Rico,PRI,2016,,23.810114,547.0975,,28.147217
Puerto Rico,PRI,2017,,124.335884,53996.28,,1989.889
Puerto Rico,PRI,2018,,10.5475025,1140.5924,,70.01497
Puerto Rico,PRI,2019,,35.895313,638.9485,,19.738983
Puerto Rico,PRI,2020,,25.202703,637.2262,,18.351095
Puerto Rico,PRI,2021,,15.971579,655.3337,,19.593912
Puerto Rico,PRI,2022,,7.4714956,588.1137,,18.20662
Puerto Rico,PRI,2023,,3.73584,606.3637,,150.35405
Reunion,REU,2001,,2.5871484,20.200476,,5.757621
Reunion,REU,2002,,191.4665,275.5073,,32.6038
Reunion,REU,2003,,40.06625,100.61845,,1.9429013
Reunion,REU,2005,,38.218742,176.16887,,10.504572
Reunion,REU,2006,,146.61852,430.76028,,48.495518
Reunion,REU,2008,,0.43120506,7.8347692,,4.893432
Reunion,REU,2009,,29.823374,136.49599,,19.50146
Reunion,REU,2010,,23.851143,183.97156,,14.321306
Reunion,REU,2011,,115.87977,401.49127,,38.142696
Reunion,REU,2012,,131.88869,638.3247,,68.88013
Reunion,REU,2013,,448.8177,1126.3346,,56.354603
Reunion,REU,2014,,142.12483,442.7496,,81.40384
Reunion,REU,2015,,0.14358349,3.4522982,,4.7504096
Reunion,REU,2016,,0.14361882,6.2532296,,1.0077688
Romania,ROU,2001,,16860.709,8.979195,319.4357,23.338417
Romania,ROU,2002,,15682.995,2.4751785,364.86377,2.4191873
Romania,ROU,2003,,9067.443,1.3189741,193.79643,6.1883354
Romania,ROU,2004,,17732.412,2.8561287,790.1606,4.896035
Romania,ROU,2005,,18874.277,6.1533465,329.81516,24.886341
Romania,ROU,2006,,12661.023,9.467949,249.88591,2.730348
Romania,ROU,2007,,37468.754,2.8615386,385.1303,2.0638008
Romania,ROU,2008,,17088.393,12.194658,288.51382,5.8053775
Romania,ROU,2009,,15703.711,2.5887573,310.383,8.853265
Romania,ROU,2010,,17354.238,1.7575254,258.02924,10.424429
Romania,ROU,2011,,16375.308,4.159204,407.1901,2.7804124
Romania,ROU,2012,,29693.014,16.142607,481.1518,17.445288
Romania,ROU,2013,,12366.037,0.22111805,314.3562,2.230867
Romania,ROU,2014,,18761.49,1.3265562,359.15033,6.298055
Romania,ROU,2015,,10601.115,1.4914514,151.92232,4.2536755
Romania,ROU,2016,,22545.047,2.4317863,286.74954,2.7296329
Romania,ROU,2017,,18703.432,6.2963266,205.73915,12.692462
Romania,ROU,2018,,18562.598,0.49648303,210.23991,6.156393
Romania,ROU,2019,,11898.893,2.0997674,171.80154,9.65378
Romania,ROU,2020,,26724.424,0.22078192,398.2296,18.73632
Romania,ROU,2021,,14274.794,3.9722195,181.24928,20.304846
Romania,ROU,2022,,15930.002,4.1940365,229.44983,9.923442
Romania,ROU,2023,,25081.645,14.898011,147.62558,21.05546
Russia,RUS,2001,,689635.3,17.103657,1101236.6,365.3254
Russia,RUS,2002,,610199,10.791435,2062316.8,283.54642
Russia,RUS,2003,,630325.2,6.766357,2384525.8,542.1262
Russia,RUS,2004,,970471.7,14.346431,2514045.8,382.07468
Russia,RUS,2005,,768708.7,3.0254934,794061,379.07953
Russia,RUS,2006,,800375.9,33.752884,1402427.8,690.62445
Russia,RUS,2007,,888628.3,61.554684,1423685.2,882.2468
Russia,RUS,2008,,904565.06,12.661523,2114362.5,692.3752
Russia,RUS,2009,,807393.7,59.31321,1272636.6,495.2201
Russia,RUS,2010,,858324.06,41.84171,967777.4,972.20935
Russia,RUS,2011,,1183701.5,16.847792,1805107.2,3402.3513
Russia,RUS,2012,,1380333.8,89.6817,3965504.2,2192.1316
Russia,RUS,2013,,899833.1,9.834604,4037741.5,1158.2053
Russia,RUS,2014,,929678.8,13.942251,3543254.2,1063.7577
Russia,RUS,2015,,784284.7,87.56042,1539642.4,617.36273
Russia,RUS,2016,,1203738.8,21.574347,3833402.8,968.2892
Russia,RUS,2017,,1265841,30.063702,4010677,907.18744
Russia,RUS,2018,,1073536.6,174.41684,4474994,678.76306
Russia,RUS,2019,,1034267.7,4.429753,2642273.8,541.78937
Russia,RUS,2020,,1038595.56,12.798836,4385590.5,512.9828
Russia,RUS,2021,,1014217.9,51.399788,5492308.5,604.8594
Russia,RUS,2022,,1129849.5,57.186226,3147468.2,525.34296
Russia,RUS,2023,,1229605.2,69.73274,2122998.5,593.4025
Rwanda,RWA,2001,27.747139,2.5373552,1385.1393,,92.26764
Rwanda,RWA,2002,56.57094,2.537412,825.10175,,48.515892
Rwanda,RWA,2003,61.48818,3.5370078,929.6228,,60.588978
Rwanda,RWA,2004,28.131443,2.0760012,1033.4219,,48.906353
Rwanda,RWA,2005,9.453902,2.1529694,752.49396,,52.439255
Rwanda,RWA,2006,5.9183307,0.15376765,680.7255,,55.197407
Rwanda,RWA,2007,47.960865,5.151734,1284.6638,,62.053715
Rwanda,RWA,2008,25.440845,4.228645,1004.06647,,55.51271
Rwanda,RWA,2009,14.449743,13.994241,1169.5131,,173.16739
Rwanda,RWA,2010,35.894344,11.687294,2181.959,,206.6943
Rwanda,RWA,2011,36.508488,3.4599698,804.30316,,66.82249
Rwanda,RWA,2012,34.203358,1.3840103,974.6625,,52.670856
Rwanda,RWA,2013,101.68711,23.52839,2205.7607,,132.11433
Rwanda,RWA,2014,120.51762,11.841252,2484.3135,,261.4595
Rwanda,RWA,2015,124.82194,2.844974,1942.6377,,137.03409
Rwanda,RWA,2016,301.6029,5.0747213,2247.3684,,220.7033
Rwanda,RWA,2017,205.14172,6.2281423,2351.0415,,153.3339
Rwanda,RWA,2018,417.5097,16.377476,3566.7324,,277.1512
Rwanda,RWA,2019,194.15028,3.152532,2161.8071,,155.10753
Rwanda,RWA,2020,228.27563,13.224818,2751.6428,,180.63818
Rwanda,RWA,2021,175.7801,8.304095,2532.8027,,203.78366
Rwanda,RWA,2022,161.0244,4.690355,2225.5527,,145.10625
Rwanda,RWA,2023,220.59203,16.761599,2618.7168,,180.17183
Saint Kitts and Nevis,KNA,2001,35.01726,,,,
Saint Kitts and Nevis,KNA,2002,12.361336,,,,
Saint Kitts and Nevis,KNA,2003,28.983791,,,,
Saint Kitts and Nevis,KNA,2004,21.76807,,,,
Saint Kitts and Nevis,KNA,2005,15.226914,,,,
Saint Kitts and Nevis,KNA,2006,18.173677,,,,
Saint Kitts and Nevis,KNA,2007,11.551412,,,,
Saint Kitts and Nevis,KNA,2008,17.953686,,,,
Saint Kitts and Nevis,KNA,2009,20.08576,,,,
Saint Kitts and Nevis,KNA,2010,16.552267,,,,
Saint Kitts and Nevis,KNA,2011,11.40249,,,,
Saint Kitts and Nevis,KNA,2012,9.4167595,,,,
Saint Kitts and Nevis,KNA,2013,5.14765,,,,
Saint Kitts and Nevis,KNA,2014,3.6044722,,,,
Saint Kitts and Nevis,KNA,2015,0.95667154,,,,
Saint Kitts and Nevis,KNA,2016,8.388896,,,,
Saint Kitts and Nevis,KNA,2017,3.6784427,,,,
Saint Kitts and Nevis,KNA,2018,4.8546157,,,,
Saint Kitts and Nevis,KNA,2019,7.578706,,,,
Saint Kitts and Nevis,KNA,2020,10.076329,,,,
Saint Kitts and Nevis,KNA,2021,9.342734,,,,
Saint Kitts and Nevis,KNA,2022,4.339269,,,,
Saint Kitts and Nevis,KNA,2023,3.0885797,,,,
Saint Lucia,LCA,2001,0.22412775,,25.330029,,
Saint Lucia,LCA,2002,0.07470154,,9.4168415,,
Saint Lucia,LCA,2003,1.6434984,,16.364182,,
Saint Lucia,LCA,2004,0.07470471,,35.945656,,
Saint Lucia,LCA,2005,2.315838,,48.805767,,
Saint Lucia,LCA,2006,0.4482331,,87.139404,,
Saint Lucia,LCA,2007,1.0458784,,44.542683,,
Saint Lucia,LCA,2008,1.1952904,,37.21908,,
Saint Lucia,LCA,2009,6.6487355,,46.40723,,
Saint Lucia,LCA,2010,6.424621,,89.980644,,
Saint Lucia,LCA,2011,0.74702275,,57.768116,,
Saint Lucia,LCA,2012,3.9593136,,61.281673,,
Saint Lucia,LCA,2013,0.6723676,,34.67415,,
Saint Lucia,LCA,2014,0.07469702,,39.526745,,
Saint Lucia,LCA,2017,0.59767103,,80.79219,,
Saint Lucia,LCA,2018,0.2241154,,33.556038,,
Saint Lucia,LCA,2019,0.89648986,,20.251574,,
Saint Lucia,LCA,2020,1.2700224,,37.8933,,
Saint Lucia,LCA,2022,0.22412284,,31.843763,,
Saint Lucia,LCA,2023,2.6148348,,22.1956,,
Saint Lucia,LCA,2015,,,6.427808,,
Saint Lucia,LCA,2016,,,106.3486,,
Saint Lucia,LCA,2021,,,33.78202,,
Saint Martin (French part),MAF,2001,1.9039547,,,,
Saint Martin (French part),MAF,2002,5.4188466,,,,
Saint Martin (French part),MAF,2003,2.8560297,,,,
Saint Martin (French part),MAF,2004,1.5378327,,,,
Saint Martin (French part),MAF,2005,3.954505,,,,
Saint Martin (French part),MAF,2006,2.6363196,,,,
Saint Martin (French part),MAF,2007,1.8307456,,,,
Saint Martin (French part),MAF,2008,1.0251974,,,,
Saint Martin (French part),MAF,2009,0.5126203,,,,
Saint Martin (French part),MAF,2010,0.512617,,,,
Saint Martin (French part),MAF,2011,8.641339,,,,
Saint Martin (French part),MAF,2012,3.0757036,,,,
Saint Martin (French part),MAF,2013,1.0984209,,,,
Saint Martin (French part),MAF,2014,1.244918,,,,
Saint Martin (French part),MAF,2017,0.5126083,,,,
Saint Martin (French part),MAF,2019,0.14645119,,,,
Saint Martin (French part),MAF,2020,1.6111002,,,,
Saint Martin (French part),MAF,2021,1.6109602,,,,
Saint Martin (French part),MAF,2022,0.073225796,,,,
Saint Vincent and the Grenadines,VCT,2001,,,5.6951704,,
Saint Vincent and the Grenadines,VCT,2002,,,6.444306,,
Saint Vincent and the Grenadines,VCT,2003,,,8.243029,,
Saint Vincent and the Grenadines,VCT,2004,,,21.208374,,
Saint Vincent and the Grenadines,VCT,2005,,,15.960124,,
Saint Vincent and the Grenadines,VCT,2006,,,9.818706,,
Saint Vincent and the Grenadines,VCT,2007,,,21.431192,,
Saint Vincent and the Grenadines,VCT,2008,,,38.146397,,
Saint Vincent and the Grenadines,VCT,2009,,,28.923922,,
Saint Vincent and the Grenadines,VCT,2010,,,65.041954,,
Saint Vincent and the Grenadines,VCT,2011,,,30.121407,,
Saint Vincent and the Grenadines,VCT,2012,,,23.453924,,
Saint Vincent and the Grenadines,VCT,2013,,,11.915018,,
Saint Vincent and the Grenadines,VCT,2014,,,8.767196,,
Saint Vincent and the Grenadines,VCT,2015,,,1.4982721,,
Saint Vincent and the Grenadines,VCT,2016,,,14.763368,,
Saint Vincent and the Grenadines,VCT,2017,,,30.274048,,
Saint Vincent and the Grenadines,VCT,2018,,,16.562147,,
Saint Vincent and the Grenadines,VCT,2019,,,9.966432,,
Saint Vincent and the Grenadines,VCT,2020,,,6.3695383,,
Saint Vincent and the Grenadines,VCT,2021,,,12.661684,,
Saint Vincent and the Grenadines,VCT,2022,,,60.984013,,
Saint Vincent and the Grenadines,VCT,2023,,,11.165128,,
San Marino,SMR,2002,,0.111479126,,,
San Marino,SMR,2003,,0.055779092,,,
San Marino,SMR,2004,,0.6132871,,,
San Marino,SMR,2005,,0.1672476,,,
San Marino,SMR,2007,,0.94795257,,,
San Marino,SMR,2008,,0.3903732,,,
San Marino,SMR,2009,,0.11155957,,,
San Marino,SMR,2012,,0.44593498,,,
San Marino,SMR,2013,,0.16727187,,,
San Marino,SMR,2014,,0.16733727,,,
San Marino,SMR,2015,,0.16727279,,,
San Marino,SMR,2017,,0.055721525,,,
San Marino,SMR,2018,,0.22314502,,,
San Marino,SMR,2019,,0.5018789,,,
San Marino,SMR,2023,,0.39042938,,,
Senegal,SEN,2001,0,,64.37431,1.8007464,
Senegal,SEN,2002,0.29927126,1.9541594,147.39874,4.0507565,
Senegal,SEN,2004,0,0.37580156,122.65598,2.7040126,
Senegal,SEN,2005,0,0.30062854,62.213333,3.9084475,
Senegal,SEN,2008,0,0.37580734,269.7376,5.036633,
Senegal,SEN,2009,0,,153.44472,3.9784434,
Senegal,SEN,2013,0,0.07516642,365.792,8.044695,
Senegal,SEN,2014,0,0,319.8803,3.307859,
Senegal,SEN,2006,,0,39.44621,0.6763557,
Senegal,SEN,2007,,0.4509628,152.52051,10.05509,
Senegal,SEN,2010,,0.15033107,147.97012,4.8078084,
Senegal,SEN,2011,,0.30062827,111.28771,1.2754205,
Senegal,SEN,2012,,0.22549939,82.261,1.0521107,
Senegal,SEN,2015,,0.07515149,270.9426,20.450844,
Senegal,SEN,2016,,0,241.70197,11.579211,
Senegal,SEN,2020,,0.300663,745.91406,6.6154113,
Senegal,SEN,2021,,1.2026567,170.23717,4.2106667,0
Senegal,SEN,2022,,0,284.07266,4.0599947,
Senegal,SEN,2023,,0.30066088,159.50597,1.5789082,0
Senegal,SEN,2003,,,36.66491,0.29969043,
Senegal,SEN,2017,,,377.28925,11.428098,
Senegal,SEN,2018,,,284.93094,14.060778,0
Senegal,SEN,2019,,,265.83936,8.721968,
Serbia,SRB,2001,,2141.1394,38.67799,116.94251,32.19294
Serbia,SRB,2002,,1029.9034,31.438547,41.586384,9.72883
Serbia,SRB,2003,,768.3099,13.533696,60.084732,10.168722
Serbia,SRB,2004,,2364.4495,20.621626,141.17026,67.23112
Serbia,SRB,2005,,1380.863,19.863256,99.32115,24.935453
Serbia,SRB,2006,,1708.145,11.164893,117.19201,22.630774
Serbia,SRB,2007,,2016.8629,11.866421,176.43741,21.537739
Serbia,SRB,2008,,2953.6948,9.78805,253.48936,14.681284
Serbia,SRB,2009,,2289.272,10.262238,147.65869,16.986145
Serbia,SRB,2010,,2289.9084,10.544127,98.93407,21.967823
Serbia,SRB,2011,,2043.3855,9.682375,102.51073,23.51355
Serbia,SRB,2012,,3164.671,22.61044,196.68755,25.27576
Serbia,SRB,2013,,2395.5283,20.854034,313.1114,23.50727
Serbia,SRB,2014,,4027.5874,31.355152,232.92297,22.307991
Serbia,SRB,2015,,2570.8772,24.811182,148.4569,25.119661
Serbia,SRB,2016,,4329.5083,45.84977,185.89984,60.9171
Serbia,SRB,2017,,3232.2117,19.479046,182.73889,38.45691
Serbia,SRB,2018,,3693.5085,24.85525,167.00427,31.698864
Serbia,SRB,2019,,3688.5151,24.264359,177.75006,22.193748
Serbia,SRB,2020,,4697.402,11.774656,157.1421,42.558117
Serbia,SRB,2021,,3824.4333,21.867083,141.12146,20.959019
Serbia,SRB,2022,,4265.1772,15.275786,128.19395,27.588018
Serbia,SRB,2023,,7611.02,25.91748,151.16106,44.27535
Sierra Leone,SLE,2001,866.7179,,17605.254,98.35238,25.94762
Sierra Leone,SLE,2002,1000.2687,0.9916965,14076.296,187.7186,44.662468
Sierra Leone,SLE,2003,411.20456,0.3045522,8557.599,120.02245,9.6641245
Sierra Leone,SLE,2004,66.59791,0.53401285,3917.589,10.30233,24.739834
Sierra Leone,SLE,2005,245.25764,0.60913914,6548.1626,26.773003,51.069054
Sierra Leone,SLE,2006,1216.1233,0.22857442,26817.783,197.84808,292.19205
Sierra Leone,SLE,2007,407.4515,0.45740628,21220.955,43.104553,205.67014
Sierra Leone,SLE,2008,327.9372,0.30457023,20446.787,36.539177,113.06414
Sierra Leone,SLE,2009,1369.0112,1.8300536,28722.424,293.67145,157.49057
Sierra Leone,SLE,2010,373.92105,0.761732,8332.9795,52.40325,21.081396
Sierra Leone,SLE,2011,835.087,0.5330284,32876.902,191.97704,23.74197
Sierra Leone,SLE,2012,758.3786,5.330043,15496.386,58.742104,36.61745
Sierra Leone,SLE,2013,5761.417,14.245462,163524.31,898.745,74.89371
Sierra Leone,SLE,2014,8435.809,6.7846446,152060.52,928.8441,73.37619
Sierra Leone,SLE,2015,6246.996,7.3193555,225082.73,1338.0562,82.667786
Sierra Leone,SLE,2016,2587.7957,7.392571,174371.75,592.027,126.7315
Sierra Leone,SLE,2017,4530.5635,9.456741,226809.95,1270.3435,122.29908
Sierra Leone,SLE,2018,4099.1704,8.16113,182967.36,959.3924,175.27669
Sierra Leone,SLE,2019,3830.0024,25.783617,170099.97,1361.9917,145.9021
Sierra Leone,SLE,2020,3612.4006,5.795978,149765.84,1092.3662,161.44225
Sierra Leone,SLE,2021,1543.1116,4.347072,110842.29,487.38147,151.47954
Sierra Leone,SLE,2022,1808.5557,6.1017942,117349.37,599.2282,162.25372
Sierra Leone,SLE,2023,1214.8379,9.684868,97894.01,463.3109,96.725235
Singapore,SGP,2001,18.381264,0.9999087,,,23.995808
Singapore,SGP,2002,22.918842,2.6151369,,,97.98302
Singapore,SGP,2003,0.84599066,,,,17.996767
Singapore,SGP,2004,2.1534455,0.15383068,,,32.45591
Singapore,SGP,2005,4.8452606,6.460613,,,70.91198
Singapore,SGP,2006,2.8456213,,,,53.222443
Singapore,SGP,2007,7.9985065,1.3844718,,,64.989174
Singapore,SGP,2008,1.9227214,,,,33.533787
Singapore,SGP,2009,1.1536304,,,,175.89369
Singapore,SGP,2010,0.84599483,,,,43.146603
Singapore,SGP,2011,0.38454434,0.3845725,,,73.14204
Singapore,SGP,2012,1.3843547,0.3845739,,,90.36932
Singapore,SGP,2013,0.69217896,,,,25.226303
Singapore,SGP,2014,3.9223487,1.2306257,,,186.19899
Singapore,SGP,2015,1.6150899,1.0767679,,,152.28294
Singapore,SGP,2016,3.1532495,7.92225,,,143.28413
Singapore,SGP,2017,2.6918,23.228357,,,236.7302
Singapore,SGP,2018,16.304699,0.15382983,,,272.5683
Singapore,SGP,2019,58.373737,1.0768213,,,228.4233
Singapore,SGP,2020,22.995667,12.306476,,,129.90086
Singapore,SGP,2021,9.5366955,1.7690442,,,189.65887
Singapore,SGP,2022,28.763927,3.6919267,,,70.6032
Singapore,SGP,2023,13.305238,6.076155,,,167.04898
Sint Maarten (Dutch part),SXM,2001,0.5126577,,,,
Sint Maarten (Dutch part),SXM,2002,0.29294825,,,,
Sint Maarten (Dutch part),SXM,2003,1.0254047,,,,
Sint Maarten (Dutch part),SXM,2004,0.80560654,,,,
Sint Maarten (Dutch part),SXM,2005,3.0028665,,,,
Sint Maarten (Dutch part),SXM,2006,0.65919566,,,,
Sint Maarten (Dutch part),SXM,2007,0.8789009,,,,
Sint Maarten (Dutch part),SXM,2008,1.5380149,,,,
Sint Maarten (Dutch part),SXM,2009,2.343704,,,,
Sint Maarten (Dutch part),SXM,2010,0.14647926,,,,
Sint Maarten (Dutch part),SXM,2011,1.7577461,,,,
Sint Maarten (Dutch part),SXM,2012,0.14647652,,,,
Sint Maarten (Dutch part),SXM,2013,2.4902327,,,,
Sint Maarten (Dutch part),SXM,2014,0.14648129,,,,
Sint Maarten (Dutch part),SXM,2016,0.29296523,,,,
Sint Maarten (Dutch part),SXM,2017,1.538102,,,,
Sint Maarten (Dutch part),SXM,2022,0.29299203,,,,
Sint Maarten (Dutch part),SXM,2023,0.36624265,,,,
Slovakia,SVK,2001,,3711.9727,1.8825142,152.08392,0.30689394
Slovakia,SVK,2002,,3893.8909,2.1364293,75.111374,1.8913838
Slovakia,SVK,2003,,3574.4792,1.0171025,139.53622,0.25564712
Slovakia,SVK,2004,,4504.8633,3.0018365,72.697365,0.9715868
Slovakia,SVK,2005,,24201.682,3.5612853,3406.5935,2.4539032
Slovakia,SVK,2006,,7435.4404,1.6790138,558.8009,2.4033556
Slovakia,SVK,2007,,9112.974,3.9674978,321.63022,3.9356022
Slovakia,SVK,2008,,12852.236,4.8815436,574.1969,3.016487
Slovakia,SVK,2009,,10722.469,3.1525123,449.30505,1.073929
Slovakia,SVK,2010,,16464.492,4.4773736,591.1144,0.35809404
Slovakia,SVK,2011,,11102.851,17.139418,404.3231,0.15336972
Slovakia,SVK,2012,,9009.738,4.629184,110.40559,
Slovakia,SVK,2013,,4979.2866,2.2897193,59.243263,0.71588093
Slovakia,SVK,2014,,17101.014,1.526711,222.21466,1.9947696
Slovakia,SVK,2015,,5216.3804,4.2222757,36.02138,2.5577135
Slovakia,SVK,2016,,16778.49,7.022652,127.3197,0.05116042
Slovakia,SVK,2017,,14000.085,7.4796963,138.7154,0.4602574
Slovakia,SVK,2018,,17498.65,12.72145,163.21771,0.30669948
Slovakia,SVK,2019,,10230.801,0.96673214,71.8367,8.793407
Slovakia,SVK,2020,,11871.054,10.572801,47.107365,0.15347624
Slovakia,SVK,2021,,6066.4624,0.3559501,14.166101,0.9718189
Slovakia,SVK,2022,,5173.5923,0.25440854,5.069899,4.55252
Slovakia,SVK,2023,,9820.414,8.6509285,9.325963,
Slovenia,SVN,2001,,587.887,1.2254218,26.241087,
Slovenia,SVN,2002,,690.5658,1.9714715,30.800991,
Slovenia,SVN,2003,,508.56088,0.79903513,18.989813,
Slovenia,SVN,2004,,1169.0168,5.2212996,95.78547,
Slovenia,SVN,2005,,1860.5973,8.31138,80.33736,
Slovenia,SVN,2006,,1185.4286,7.406859,51.343235,
Slovenia,SVN,2007,,2057.9236,3.7300773,42.53244,
Slovenia,SVN,2008,,1822.6187,3.6771512,26.46312,
Slovenia,SVN,2009,,1899.554,1.8112373,46.615616,
Slovenia,SVN,2010,,1413.6602,2.2368832,16.76999,
Slovenia,SVN,2011,,1421.1143,3.5163445,11.288711,
Slovenia,SVN,2012,,883.8337,1.7585632,15.922133,
Slovenia,SVN,2013,,630.55005,0.9056605,5.8296285,
Slovenia,SVN,2014,,4970.5615,2.183905,414.37866,
Slovenia,SVN,2015,,921.30756,,101.883705,
Slovenia,SVN,2016,,4902.23,6.3922977,480.05872,
Slovenia,SVN,2017,,4746.146,6.9256625,134.18008,
Slovenia,SVN,2018,,8032.6064,5.648207,194.9682,
Slovenia,SVN,2019,,3396.9734,6.7680016,50.013725,
Slovenia,SVN,2020,,3828.6807,2.451509,56.57213,
Slovenia,SVN,2021,,2209.7856,2.130338,17.811707,
Slovenia,SVN,2022,,2836.7524,2.8778968,10.803848,
Slovenia,SVN,2023,,4596.3364,6.233884,22.115025,
Solomon Islands,SLB,2001,0.1514218,524.48627,1635.6062,,1.2146527
Solomon Islands,SLB,2002,4.0954347,926.1792,2897.6265,,6.9082327
Solomon Islands,SLB,2003,0.759897,536.4177,1798.3853,,7.7433248
Solomon Islands,SLB,2004,0.38049883,747.9402,2761.8977,,5.086374
Solomon Islands,SLB,2005,14.465272,860.19,5554.437,,79.10271
Solomon Islands,SLB,2006,2.4235961,584.6654,4310.071,,120.93272
Solomon Islands,SLB,2007,2.574269,1122.6686,4076.8313,,434.9268
Solomon Islands,SLB,2008,8.026294,1751.0085,6311.5884,,25.583918
Solomon Islands,SLB,2009,0.22792804,1311.0447,4575.2974,,47.370823
Solomon Islands,SLB,2010,2.9532166,1059.4569,5272.6284,,16.625721
Solomon Islands,SLB,2011,0.4542678,1217.0809,4560.587,,5.6178007
Solomon Islands,SLB,2012,2.8770857,1274.5314,7428.619,,13.968734
Solomon Islands,SLB,2013,0.7571279,988.32764,8164.285,,259.33136
Solomon Islands,SLB,2014,4.391293,1380.9272,15372.782,,54.736225
Solomon Islands,SLB,2015,75.94593,1670.5465,13096.488,,30.898367
Solomon Islands,SLB,2016,21.988743,2797.4414,15057.19,,55.115746
Solomon Islands,SLB,2017,3.3313766,2503.8345,16928.338,,205.1293
Solomon Islands,SLB,2018,0.15142885,2150.976,15609.759,,35.07416
Solomon Islands,SLB,2019,8.595941,1549.6407,14839.736,,72.27039
Solomon Islands,SLB,2020,1.0599619,1946.1904,12420.272,,172.4077
Solomon Islands,SLB,2021,0.7594232,1813.0131,10094.593,,51.546608
Solomon Islands,SLB,2022,101.597755,2070.8132,12059.982,,192.13962
Solomon Islands,SLB,2023,11.149374,1308.8921,8228.516,,15.182954
Somalia,SOM,2004,,0.23052022,162.68407,7.4605002,0.07687529
Somalia,SOM,2005,,0.07689975,234.99785,10.381988,0.9994104
Somalia,SOM,2008,,0.076839946,205.44925,19.998451,
Somalia,SOM,2013,,0,238.53932,8.305412,0
Somalia,SOM,2014,,0,83.38238,18.445904,0.07687397
Somalia,SOM,2016,,0.07689974,75.07435,7.3819385,
Somalia,SOM,2017,,0.07689663,276.0536,11.150912,0.38437164
Somalia,SOM,2018,,0,32.60789,2.8454206,1.2300366
Somalia,SOM,2019,,0.07689889,359.2413,8.613016,
Somalia,SOM,2020,,0.07689999,138.1421,6.228215,1.1531045
Somalia,SOM,2021,,0,149.76038,10.224509,3.3824892
Somalia,SOM,2022,,0.30759975,119.840324,4.1527977,0.15374361
Somalia,SOM,2023,,0,98.607864,5.4600987,0.15375283
Somalia,SOM,2001,,,222.74237,16.682278,
Somalia,SOM,2002,,,187.06648,16.688791,
Somalia,SOM,2003,,,83.22919,2.3838377,0.07687534
Somalia,SOM,2006,,,87.76123,5.460321,0.15374406
Somalia,SOM,2007,,,217.6162,9.0754385,0.07687341
Somalia,SOM,2009,,,241.8361,24.61162,
Somalia,SOM,2010,,,110.38204,2.6147633,0.6149871
Somalia,SOM,2011,,,146.37135,14.228582,
Somalia,SOM,2012,,,112.5137,47.78923,0.30750284
Somalia,SOM,2015,,,59.61203,4.691095,
South Africa,ZAF,2001,253.62587,69641.66,4917.925,1701.0018,65.6798
South Africa,ZAF,2002,364.23056,42147.266,3583.5447,1169.4729,133.70659
South Africa,ZAF,2003,107.3965,85764.664,5326.553,932.7737,104.418816
South Africa,ZAF,2004,97.40882,65251.465,5160.8486,1519.9261,177.41647
South Africa,ZAF,2005,145.75592,96935.49,5931.4043,1128.8474,142.6187
South Africa,ZAF,2006,518.707,94914.375,6350.2905,2678.8726,163.35931
South Africa,ZAF,2007,144.35567,40840.676,4404.6943,1065.6721,99.234245
South Africa,ZAF,2008,191.76909,74026.63,5183.4927,1535.0046,83.30961
South Africa,ZAF,2009,1189.1874,58810.293,5075.9185,1760.6128,53.431778
South Africa,ZAF,2010,249.59901,53705.344,6253.7847,1112.4266,141.21156
South Africa,ZAF,2011,655.8831,61864.934,5090.8726,1559.4528,115.89693
South Africa,ZAF,2012,257.86404,77049.375,5535.932,1563.4521,105.91938
South Africa,ZAF,2013,829.7952,46735.477,6742.965,1543.8702,100.46687
South Africa,ZAF,2014,889.0857,56425.707,9904.62,1836.3462,72.952965
South Africa,ZAF,2015,436.71652,53720.098,12750.36,3020.9922,85.08538
South Africa,ZAF,2016,189.57611,60557.773,10829.049,1634.5002,84.74825
South Africa,ZAF,2017,627.3271,77245.68,13849.218,1889.2358,181.30428
South Africa,ZAF,2018,1098.5591,48448.87,10919.15,2881.2864,82.7738
South Africa,ZAF,2019,433.74716,57256.387,13209.651,4676.86,95.2421
South Africa,ZAF,2020,310.36673,43637.207,14222.708,3351.32,77.33572
South Africa,ZAF,2021,702.5237,40160.16,9461.806,1180.7439,145.30669
South Africa,ZAF,2022,1067.9163,31063.504,6620.13,1815.6343,196.43788
South Africa,ZAF,2023,1400.8564,21359.934,5369.204,1369.5859,41.424458
South America,,2001,2050705.9,429366.1,1249608.1,15386.244,3542.341
South America,,2002,2739966,466593.62,1228386.8,13432.364,3759.282
South America,,2003,2731676,457158.44,1105158.8,23545.066,2946.1494
South America,,2004,3406565.2,495527.06,1375426.1,34089.21,3471.6128
South America,,2005,3008715,508019.12,1427322.9,27555.031,3028.8613
South America,,2006,2323177.5,503668.75,1213670.2,24167.252,3546.2334
South America,,2007,2490072.8,495826,1340402,31380.963,4758.0938
South America,,2008,2542588.2,493337.8,1391249.8,34136.03,4457.6274
South America,,2009,1807394,394729.34,1201009.2,24391.525,4404.6294
South America,,2010,2669125.8,475446.72,1402822.1,29563.453,3958.3606
South America,,2011,2204775,432301,1105783.2,22546.13,3044.764
South America,,2012,2765134.8,626122.2,1647531.2,22384.941,4767.491
South America,,2013,1706713.2,415187.03,1258931.2,21511.945,3212.886
South America,,2014,2202231.5,517312.78,1487639.9,20765.361,4446.0337
South America,,2015,1905584.2,361945.1,1101858.6,17775.44,2748.796
South America,,2016,3965408.2,545872.8,2762568.5,60156.914,4247.6855
South America,,2017,3669304.8,709280.44,2384937,28934.527,5679.789
South America,,2018,2468488.5,407903.66,1614980.8,21078.482,3024.204
South America,,2019,2879720,370957.62,1497869.8,54941.41,2521.6748
South America,,2020,2938263.2,351806.97,1730004.8,30210.256,2091.8088
South America,,2021,2819856,370231.66,1470009.2,48674.516,2276.956
South America,,2022,3031103.5,346430.47,1652939.8,27713.715,2326.4941
South America,,2023,2606527,360424.84,1642027,19724.188,2549.756
South Korea,KOR,2001,,5318.485,,4.983506,162.06157
South Korea,KOR,2002,,4519.8896,1.0460441,4.450737,158.14143
South Korea,KOR,2003,,3453.364,4.184179,0.4419442,137.53809
South Korea,KOR,2004,,10950.682,,5.588261,381.87384
South Korea,KOR,2005,,8525.435,1.4152588,4.15799,351.51788
South Korea,KOR,2006,,9599.876,1.4767916,3.3265805,475.61105
South Korea,KOR,2007,,7643.131,0.3048366,1.6617891,393.2409
South Korea,KOR,2008,,13112.597,2.4614298,28.907751,784.99536
South Korea,KOR,2009,,15550.349,0.9844721,18.404268,781.9677
South Korea,KOR,2010,,13860.248,0.43069112,47.374805,458.93613
South Korea,KOR,2011,,11211.36,0.7999865,19.40931,430.85355
South Korea,KOR,2012,,15343.663,,24.109243,483.3664
South Korea,KOR,2013,,9170.286,,10.418338,222.90686
South Korea,KOR,2014,,12964.762,0.061527647,8.649789,415.47153
South Korea,KOR,2015,,16889.05,1.9518712,10.798566,385.72546
South Korea,KOR,2016,,21912.48,8.666884,4.094818,533.4536
South Korea,KOR,2017,,20181.791,4.390978,5.9357123,522.6726
South Korea,KOR,2018,,21265.832,1.7155777,4.1662765,538.65955
South Korea,KOR,2019,,20215.818,,1.8946157,476.02725
South Korea,KOR,2020,,19556.531,0.42695305,,522.96906
South Korea,KOR,2021,,16932.271,,,362.55157
South Korea,KOR,2022,,25142.236,,0.82073426,458.36053
South Korea,KOR,2023,,21284.797,,0.6946378,345.46323
South Sudan,SSD,2001,20.47378,,3917.1643,0.7668736,
South Sudan,SSD,2002,6.1392317,,6666.5186,6.720878,
South Sudan,SSD,2003,4.681005,,1651.6464,,
South Sudan,SSD,2004,1.5337306,,9344.94,10.079844,
South Sudan,SSD,2005,0.69011027,,9746.427,47.41577,
South Sudan,SSD,2006,24.403748,,8002.4497,8.322922,
South Sudan,SSD,2007,5.294034,,8587.719,0.30674616,
South Sudan,SSD,2008,0.8442022,,8246.607,10.231531,
South Sudan,SSD,2009,7.212067,,7298.405,5.116467,
South Sudan,SSD,2010,8.134722,,3438.4106,,
South Sudan,SSD,2011,8.287147,,8061.7417,1.8327806,
South Sudan,SSD,2012,10.969883,,5794.8555,3.206796,
South Sudan,SSD,2013,10.201492,,4023.0127,10.994842,
South Sudan,SSD,2014,9.822695,,5801.648,0.9925782,
South Sudan,SSD,2015,0.15335168,,2406.0852,,
South Sudan,SSD,2016,3.6834025,,3986.6858,0,
South Sudan,SSD,2017,15.579,,6748.7783,,
South Sudan,SSD,2018,2.762795,,2563.1355,3.680529,
South Sudan,SSD,2019,37.755573,,3622.9717,0.30671176,
South Sudan,SSD,2020,6.215462,,2241.3926,,
South Sudan,SSD,2021,5.5250745,,2753.9739,0,
South Sudan,SSD,2022,16.960396,,3364.9805,0.1532033,
South Sudan,SSD,2023,1.53492,,6139.284,0,
Spain,ESP,2001,,27689.31,359.53665,4196.5596,51.39194
Spain,ESP,2002,,31784.977,292.70047,5033.234,36.716835
Spain,ESP,2003,,19632.617,224.16797,3003.0935,60.007923
Spain,ESP,2004,,56807.203,368.20404,9406.637,202.48672
Spain,ESP,2005,,34849.55,464.18103,13041.828,82.94099
Spain,ESP,2006,,59760.914,400.3527,11818.318,91.61358
Spain,ESP,2007,,52677.55,370.5457,6518.3555,84.286934
Spain,ESP,2008,,39939.152,377.755,3541.0764,65.35097
Spain,ESP,2009,,56512.113,415.2274,9976.715,50.65902
Spain,ESP,2010,,48003.48,296.1562,7191.8364,70.0061
Spain,ESP,2011,,35528.184,219.53784,3289.918,23.633049
Spain,ESP,2012,,58348.848,494.55402,21087.5,39.08884
Spain,ESP,2013,,56326.95,206.80786,6933.0947,50.669483
Spain,ESP,2014,,66092.14,337.24316,7376.878,65.88179
Spain,ESP,2015,,56366.477,432.5022,7841.944,416.70325
Spain,ESP,2016,,93122.17,858.23865,12881.567,161.10297
Spain,ESP,2017,,83761.5,512.62683,13645.313,111.01175
Spain,ESP,2018,,104676.17,493.58795,13693.893,73.746635
Spain,ESP,2019,,62524.824,204.1833,7874.701,54.129433
Spain,ESP,2020,,90722.59,381.24866,10248.612,62.576797
Spain,ESP,2021,,72801.14,323.77737,11412.4,743.41925
Spain,ESP,2022,,116385.27,859.2087,19335.018,917.9496
Spain,ESP,2023,,79064.14,2915.47,3598.3462,267.5771
Sri Lanka,LKA,2001,,2932.2075,704.2462,100.78843,11.374936
Sri Lanka,LKA,2002,,2477.1992,786.0402,138.21083,12.140812
Sri Lanka,LKA,2003,,2540.9775,427.05865,161.77046,6.4166307
Sri Lanka,LKA,2004,,3773.9487,1686.0414,101.92821,16.039532
Sri Lanka,LKA,2005,,3828.604,720.7099,79.46796,27.49336
Sri Lanka,LKA,2006,,5613.986,2027.0939,50.73232,20.24324
Sri Lanka,LKA,2007,,6116.537,4023.069,55.60894,28.103062
Sri Lanka,LKA,2008,,5033.0806,1389.5386,28.177544,22.146667
Sri Lanka,LKA,2009,,8037.839,5758.742,42.16368,44.66511
Sri Lanka,LKA,2010,,4574.6543,2438.2742,59.698513,24.509886
Sri Lanka,LKA,2011,,8632.325,6014.7803,47.87467,20.931177
Sri Lanka,LKA,2012,,10973.808,3051.8682,336.4088,26.040272
Sri Lanka,LKA,2013,,5390.5103,2443.8933,63.953335,9.167018
Sri Lanka,LKA,2014,,9599.078,2637.421,36.95041,49.93006
Sri Lanka,LKA,2015,,5100.816,2274.4033,12.328458,2.4443626
Sri Lanka,LKA,2016,,13401.836,4017.1555,9.924947,48.182014
Sri Lanka,LKA,2017,,10855.405,2127.217,9.238376,46.75794
Sri Lanka,LKA,2018,,10495.195,2595.997,2.979293,34.894794
Sri Lanka,LKA,2019,,8377.782,1895.3494,2.6703308,10.693599
Sri Lanka,LKA,2020,,8766.031,2409.2249,1.8320357,17.03055
Sri Lanka,LKA,2021,,10720.227,2532.6682,3.8126223,24.209902
Sri Lanka,LKA,2022,,6652.3213,1738.3066,0.53426266,13.292616
Sri Lanka,LKA,2023,,9015.098,2679.4548,3.9619212,17.336216
Sudan,SDN,2006,,0.07499423,2.3474092,0.36545104,
Sudan,SDN,2021,,0,20.216415,,
Sudan,SDN,2023,,0,20.300402,0,
Sudan,SDN,2001,,,19.299501,0.3655225,
Sudan,SDN,2002,,,56.98557,0.07309146,
Sudan,SDN,2003,,,10.779608,0.30009744,
Sudan,SDN,2004,,,9.346817,0.073095605,
Sudan,SDN,2005,,,86.55311,0.43850562,
Sudan,SDN,2007,,,161.95639,16.055368,
Sudan,SDN,2008,,,39.84324,2.338566,
Sudan,SDN,2009,,,70.476006,1.5006349,
Sudan,SDN,2010,,,38.497875,,
Sudan,SDN,2011,,,170.75363,0.52516407,
Sudan,SDN,2012,,,8.803504,0.073069885,
Sudan,SDN,2013,,,5.3788695,,
Sudan,SDN,2014,,,2.9588933,0,
Sudan,SDN,2015,,,7.9797177,0,
Sudan,SDN,2016,,,23.941654,,
Sudan,SDN,2017,,,70.7717,,
Sudan,SDN,2018,,,8.285554,,
Sudan,SDN,2019,,,7.9761705,,
Sudan,SDN,2020,,,15.799067,,
Sudan,SDN,2022,,,15.210075,,
Suriname,SUR,2001,357.59244,,3179.2275,0.535723,11.022155
Suriname,SUR,2002,425.50134,,3151.0967,0.07653383,9.261701
Suriname,SUR,2003,283.3946,,4083.5474,,17.451414
Suriname,SUR,2004,267.38483,,4807.3896,3.0613596,26.253836
Suriname,SUR,2005,257.95502,,3074.429,0.53572565,10.945485
Suriname,SUR,2006,229.64523,,3047.96,8.954477,12.859008
Suriname,SUR,2007,376.5335,,3079.062,0,13.471518
Suriname,SUR,2008,584.72205,,6728.0757,0.22959734,26.483515
Suriname,SUR,2009,758.9563,,6365.53,1.8368075,29.237705
Suriname,SUR,2010,503.50864,,6269.364,0.076531135,11.021958
Suriname,SUR,2011,322.4351,,5050.196,1.5306782,36.969524
Suriname,SUR,2012,1202.3568,,16468.533,20.051716,66.66685
Suriname,SUR,2013,1062.7737,,8884.548,3.6735687,30.003439
Suriname,SUR,2014,683.3038,,13739.068,47.832058,45.081974
Suriname,SUR,2015,850.4941,,10723.784,87.17074,48.219307
Suriname,SUR,2016,668.6956,,15884.962,41.326714,77.9172
Suriname,SUR,2017,761.9047,,16878.51,20.050982,66.512085
Suriname,SUR,2018,861.14294,,17814.553,20.510653,27.707203
Suriname,SUR,2019,908.399,,17234.283,34.51586,29.391317
Suriname,SUR,2020,1027.5541,,13893.437,3.520383,40.948017
Suriname,SUR,2021,664.6547,,11336.562,0.7652873,23.497456
Suriname,SUR,2022,564.2096,,13709.877,0.22959772,15.46097
Suriname,SUR,2023,1702.3883,,24197.14,34.745956,121.850464
Sweden,SWE,2001,,143700.62,25.718872,818.39136,4.251632
Sweden,SWE,2002,,175968.38,37.377502,1775.1986,55.636635
Sweden,SWE,2003,,91701.914,17.913006,740.4152,22.449295
Sweden,SWE,2004,,268849.1,36.00263,2368.939,41.038136
Sweden,SWE,2005,,247016.67,15.884557,1221.5717,23.333023
Sweden,SWE,2006,,246034.4,18.21954,2677.5483,73.270874
Sweden,SWE,2007,,181657.64,27.13819,984.46313,23.631908
Sweden,SWE,2008,,290582.6,30.056871,2686.8206,80.45815
Sweden,SWE,2009,,205833.16,31.840761,2183.5742,53.95411
Sweden,SWE,2010,,260927.7,81.61312,2309.2324,33.410698
Sweden,SWE,2011,,203786.05,35.92264,1274.051,34.331047
Sweden,SWE,2012,,231364.06,45.389248,2747.3616,38.909668
Sweden,SWE,2013,,195568.19,2.4655159,1761.7206,15.054193
Sweden,SWE,2014,,240589.67,30.351673,1626.964,13.713628
Sweden,SWE,2015,,214165.5,36.39074,1621.3992,46.119667
Sweden,SWE,2016,,307724.94,55.21566,2342.8674,50.607506
Sweden,SWE,2017,,329176.5,19.463682,1792.526,50.66333
Sweden,SWE,2018,,286963.22,16.557035,3031.1262,40.86383
Sweden,SWE,2019,,327516.06,111.40037,5051.2505,41.908817
Sweden,SWE,2020,,337859.1,19.481277,1827.2004,28.535496
Sweden,SWE,2021,,331577.4,40.25964,1314.8512,33.924057
Sweden,SWE,2022,,328580.25,176.67679,1029.4551,18.529686
Sweden,SWE,2023,,313164.78,103.571846,600.252,28.157883
Switzerland,CHE,2001,,1135.374,2.307617,7.1064262,1.4259093
Switzerland,CHE,2002,,862.29,0.7509468,4.702987,0.15845945
Switzerland,CHE,2003,,410.63885,,7.208085,1.1098951
Switzerland,CHE,2004,,3744.0793,8.91138,19.719534,10.406975
Switzerland,CHE,2005,,2273.2708,3.1679518,16.448711,4.488382
Switzerland,CHE,2006,,1989.6282,0.80524933,16.886755,4.8073535
Switzerland,CHE,2007,,1804.3768,0.9670726,20.253841,6.076137
Switzerland,CHE,2008,,2358.4146,4.668694,21.09437,2.8534694
Switzerland,CHE,2009,,2207.2805,2.523141,22.18664,5.968504
Switzerland,CHE,2010,,1689.0642,1.5566099,15.485498,1.9046245
Switzerland,CHE,2011,,1909.3832,0.91238403,10.361362,2.6415954
Switzerland,CHE,2012,,1484.1334,3.2224944,12.649545,2.007614
Switzerland,CHE,2013,,764.7013,3.4376054,8.069667,0.15853249
Switzerland,CHE,2014,,1464.4259,7.1414537,7.1012383,1.3737453
Switzerland,CHE,2015,,751.68207,2.4167144,4.055807,2.4305263
Switzerland,CHE,2016,,1612.3885,5.203277,21.297682,3.8035588
Switzerland,CHE,2017,,2452.5032,13.191201,14.431054,1.1247331
Switzerland,CHE,2018,,3050.1516,6.3371177,19.813194,4.6927543
Switzerland,CHE,2019,,3349.954,11.640073,46.16255,12.044954
Switzerland,CHE,2020,,3833.9343,9.449792,29.389675,11.356597
Switzerland,CHE,2021,,3345.6072,5.2080884,42.80779,1.3727275
Switzerland,CHE,2022,,1932.8995,3.9215782,11.601165,2.0074053
Switzerland,CHE,2023,,3083.861,8.54205,15.543252,2.218785
Syria,SYR,2001,,163.24678,30.979162,21.198906,
Syria,SYR,2002,,91.22341,14.092322,31.227425,
Syria,SYR,2003,,71.11533,14.276245,11.390189,
Syria,SYR,2004,,29.367224,14.278386,50.97184,
Syria,SYR,2005,,114.11718,13.729759,654.9556,
Syria,SYR,2006,,209.67589,48.620014,15.518225,
Syria,SYR,2007,,1134.058,136.36873,289.85855,
Syria,SYR,2008,,675.06696,36.700146,105.048195,
Syria,SYR,2009,,66.47772,29.17489,14.013062,
Syria,SYR,2010,,87.762276,126.28018,11.004849,
Syria,SYR,2011,,81.58028,37.31614,26.153307,
Syria,SYR,2012,,2629.642,851.55774,1866.5336,
Syria,SYR,2013,,819.01776,95.456924,332.39526,
Syria,SYR,2014,,669.03046,86.8012,169.61337,
Syria,SYR,2015,,2177.963,54.633606,140.00342,
Syria,SYR,2016,,1579.3126,76.30561,133.2804,
Syria,SYR,2017,,1671.583,215.12863,234.04875,
Syria,SYR,2018,,788.64276,61.195366,30.331383,
Syria,SYR,2019,,1003.3912,109.7828,43.431442,
Syria,SYR,2020,,2287.924,110.32321,629.2443,
Syria,SYR,2021,,1495.5735,63.20001,1292.4425,
Syria,SYR,2022,,387.9609,25.424458,43.18356,
Syria,SYR,2023,,1426.1974,35.51065,982.3727,
Taiwan,TWN,2001,,963.72626,32.787292,5.620008,77.1198
Taiwan,TWN,2002,,833.6588,9.065157,81.1998,39.879063
Taiwan,TWN,2003,,1010.9806,11.380935,14.679886,45.335743
Taiwan,TWN,2004,,1682.532,10.163386,0.1404659,52.13152
Taiwan,TWN,2005,,1370.7153,11.704483,2.2478826,59.404068
Taiwan,TWN,2006,,1869.602,20.08414,4.1451364,89.092064
Taiwan,TWN,2007,,1546.5128,15.285985,10.254765,74.06332
Taiwan,TWN,2008,,2075.6775,16.432446,6.391636,98.26233
Taiwan,TWN,2009,,7919.3115,10.852764,14.539412,89.891846
Taiwan,TWN,2010,,2276.1543,17.088419,1.9666443,108.074814
Taiwan,TWN,2011,,1358.2128,8.243176,0.14043874,58.079388
Taiwan,TWN,2012,,1321.2117,7.5799694,0.7727566,73.31237
Taiwan,TWN,2013,,859.96265,14.875448,0.56201124,41.98516
Taiwan,TWN,2014,,941.57385,4.6382813,0.14051202,61.353664
Taiwan,TWN,2015,,882.01843,3.1046739,0.843174,49.549316
Taiwan,TWN,2016,,3037.3726,18.195147,2.9510412,152.3698
Taiwan,TWN,2017,,2373.489,10.531231,1.1943506,133.58424
Taiwan,TWN,2018,,1768.8354,15.894232,1.0537862,87.67882
Taiwan,TWN,2019,,1306.6057,6.5797863,0.4917854,91.72417
Taiwan,TWN,2020,,1335.2753,16.630995,1.6156864,86.87856
Taiwan,TWN,2021,,1360.755,14.998318,0.07026638,69.55479
Taiwan,TWN,2022,,1377.1354,22.717861,,80.12117
Taiwan,TWN,2023,,1844.1016,14.845096,0.35121763,94.67601
Tajikistan,TJK,2004,,0.061218057,,,
Tajikistan,TJK,2009,,0.061217044,,,
Tajikistan,TJK,2022,,0.12240774,,,
Tajikistan,TJK,2023,,0.67324257,13.543705,,
Tanzania,TZA,2001,93.62089,4390.6025,75246.34,884.27936,168.77393
Tanzania,TZA,2002,127.03931,4543.4565,78696.8,975.8402,143.26207
Tanzania,TZA,2003,69.38294,3417.6143,78496.78,817.38855,397.53506
Tanzania,TZA,2004,86.693634,2201.7812,63452.387,582.50757,223.84937
Tanzania,TZA,2005,182.27109,3707.6343,85574.67,828.06323,180.03583
Tanzania,TZA,2006,100.1703,1512.124,81805.43,850.32135,500.51825
Tanzania,TZA,2007,399.05716,4188.2964,115265.336,1028.4609,37.740482
Tanzania,TZA,2008,308.7576,4605.518,157077.92,1258.6188,483.1429
Tanzania,TZA,2009,371.11618,2972.3965,137359.4,1691.2059,233.01942
Tanzania,TZA,2010,243.85483,3434.1392,132148.64,1302.239,558.29224
Tanzania,TZA,2011,592.9513,3889.1943,130530.336,1193.613,1022.5073
Tanzania,TZA,2012,708.84155,4414.2935,147337.78,961.08246,200.42711
Tanzania,TZA,2013,618.90784,4897.641,172661.25,1357.1506,734.4092
Tanzania,TZA,2014,398.38068,4910.3745,190054.16,1409.5723,753.98114
Tanzania,TZA,2015,368.07,3163.309,106837.39,1007.5033,162.0013
Tanzania,TZA,2016,376.54877,4102.404,146941.83,1022.1786,262.0822
Tanzania,TZA,2017,595.8469,5314.205,185554.02,2532.1257,635.1053
Tanzania,TZA,2018,533.00214,4800.449,164236.31,1532.6047,434.92902
Tanzania,TZA,2019,619.0417,3680.4373,136616.8,1484.6886,249.19681
Tanzania,TZA,2020,909.21405,5400.299,177372.66,1955.2218,167.04169
Tanzania,TZA,2021,1085.8418,5288.536,156431.28,1901.4364,173.7669
Tanzania,TZA,2022,1400.1714,5046.3057,152269.42,1752.5465,97.766014
Tanzania,TZA,2023,2416.6775,6001.0923,217473.52,2865.8167,243.8659
Thailand,THA,2001,8914.236,21752.773,5205.8086,,31.621767
Thailand,THA,2002,13871.972,34914.79,11847.98,,25.763414
Thailand,THA,2003,12572.793,32468.713,13099.333,,52.26331
Thailand,THA,2004,20212.973,54534.81,16664.1,,118.61696
Thailand,THA,2005,25239.248,48726.277,9887.442,,52.982845
Thailand,THA,2006,20862.66,56135.445,22369.014,,171.77878
Thailand,THA,2007,21078.268,48882.637,22396.986,,63.971134
Thailand,THA,2008,15636.0205,44047.3,20141.1,,46.497883
Thailand,THA,2009,30236.328,73763.25,28295.898,,92.56165
Thailand,THA,2010,26507.8,77241.39,30668.732,,176.84279
Thailand,THA,2011,17146.02,53935.203,23140.896,,38.58005
Thailand,THA,2012,15810.034,63357.07,34811.99,,80.88786
Thailand,THA,2013,18629.668,38881.242,27008.164,,11.675236
Thailand,THA,2014,35100.438,69906.85,32430.021,,17.956667
Thailand,THA,2015,30552.592,63153.105,26996.535,,20.678963
Thailand,THA,2016,42015.434,90743.04,38640.21,,52.27494
Thailand,THA,2017,55618.793,112875.77,27789.234,,33.46696
Thailand,THA,2018,36109.645,75638.34,21706.572,,12.081119
Thailand,THA,2019,31731.412,70215.73,27739.969,,14.256349
Thailand,THA,2020,28501.951,64137.492,26578.676,,12.587988
Thailand,THA,2021,30949.123,67816.2,23946.016,,10.8852005
Thailand,THA,2022,26038.615,60990.25,23529.875,,43.57613
Thailand,THA,2023,36764.53,77220.23,27778.598,,79.52628
Togo,TGO,2001,,,2762.044,,6.195971
Togo,TGO,2002,,,2013.8367,,4.97203
Togo,TGO,2003,,,2050.465,,2.4477797
Togo,TGO,2004,,,2758.2146,,1.3768983
Togo,TGO,2005,,,2046.6742,,
Togo,TGO,2006,,,1676.3406,,9.408572
Togo,TGO,2007,,,3179.2344,,2.8302386
Togo,TGO,2008,,,1172.4106,,3.059778
Togo,TGO,2009,,,5571.84,,2.4477866
Togo,TGO,2010,,,512.8057,,1.1474079
Togo,TGO,2011,,,1254.6332,,0.91793597
Togo,TGO,2012,,,1744.1226,,0.5354438
Togo,TGO,2013,,,2946.8123,,4.0542126
Togo,TGO,2014,,,2523.3516,,1.9888682
Togo,TGO,2015,,,939.5349,,
Togo,TGO,2016,,,3463.56,,
Togo,TGO,2017,,,7185.8286,,
Togo,TGO,2018,,,6783.65,,
Togo,TGO,2019,,,5229.4814,,0.38246915
Togo,TGO,2020,,,5501.7515,,5.048581
Togo,TGO,2021,,,5896.664,,1.3003764
Togo,TGO,2022,,,5027.8506,,5.4309607
Togo,TGO,2023,,,4459.2334,0,1.1473998
Trinidad and Tobago,TTO,2001,215.99834,37.507668,1544.3514,,25.568743
Trinidad and Tobago,TTO,2002,22.635672,71.98308,619.7352,,9.152894
Trinidad and Tobago,TTO,2003,143.72984,34.931458,540.3602,,0.07564496
Trinidad and Tobago,TTO,2004,108.76367,4.394704,596.7133,,8.699079
Trinidad and Tobago,TTO,2005,37.180275,25.837866,1152.6879,,0.60517335
Trinidad and Tobago,TTO,2006,59.30703,98.04902,1572.1133,,0.3782186
Trinidad and Tobago,TTO,2007,73.521904,20.38201,1000.1491,,6.8079867
Trinidad and Tobago,TTO,2008,27.639885,7.0467567,1221.5378,,0.0756487
Trinidad and Tobago,TTO,2009,25.971952,36.44582,1307.9344,,0.07564448
Trinidad and Tobago,TTO,2010,262.37756,82.43658,3030.6729,,5.673228
Trinidad and Tobago,TTO,2011,10.450444,2.273151,355.34116,,
Trinidad and Tobago,TTO,2012,43.857853,10.229021,648.045,,
Trinidad and Tobago,TTO,2013,43.109585,13.260071,699.001,,0.07564448
Trinidad and Tobago,TTO,2014,47.11847,27.278282,1478.4344,,1.2859361
Trinidad and Tobago,TTO,2015,37.658394,6.213243,614.93304,,1.2102958
Trinidad and Tobago,TTO,2016,54.39983,16.36695,1267.8804,,0.37821418
Trinidad and Tobago,TTO,2017,16.285168,13.18472,685.0083,,
Trinidad and Tobago,TTO,2018,46.442245,14.700046,881.4872,,0.15128872
Trinidad and Tobago,TTO,2019,58.527107,18.943293,567.8838,,2.3449783
Trinidad and Tobago,TTO,2020,74.91589,9.698761,757.7614,,2.7988257
Trinidad and Tobago,TTO,2021,3.3327582,1.4397062,301.023,,0.6051574
Trinidad and Tobago,TTO,2022,6.7431154,2.1973605,363.39294,,1.0590267
Trinidad and Tobago,TTO,2023,26.50879,6.0617285,812.20807,,0.30257955
Tunisia,TUN,2001,2.9976406,156.67665,33.504364,27.886936,2.6579976
Tunisia,TUN,2002,6.7671323,167.48633,17.087025,42.502586,2.1014037
Tunisia,TUN,2003,149.13538,347.3879,690.0186,211.2579,23.24815
Tunisia,TUN,2004,1.9870484,244.32275,33.444813,31.38031,3.6997697
Tunisia,TUN,2005,20.27889,423.4322,42.718155,109.45903,3.9994783
Tunisia,TUN,2006,9.005199,196.25928,38.06155,91.187836,4.8721457
Tunisia,TUN,2007,9.203006,464.64108,68.86701,299.94995,7.5924335
Tunisia,TUN,2008,12.983448,397.1139,57.942574,228.27777,9.697323
Tunisia,TUN,2009,46.232903,515.2359,159.37292,219.41682,21.06869
Tunisia,TUN,2010,30.057596,215.38477,29.373226,107.63961,0.74176455
Tunisia,TUN,2011,162.03769,560.15656,466.02658,968.6936,7.709693
Tunisia,TUN,2012,44.07973,768.3864,69.34913,525.3366,2.1578262
Tunisia,TUN,2013,20.71412,828.23755,98.677,347.60812,1.3587297
Tunisia,TUN,2014,306.2407,1123.5239,225.19814,680.71313,3.7732584
Tunisia,TUN,2015,355.1101,736.6511,184.96191,580.41376,5.0446143
Tunisia,TUN,2016,254.75964,734.3454,105.70844,322.24417,5.113808
Tunisia,TUN,2017,835.28046,6464.9795,529.822,642.3067,8.982734
Tunisia,TUN,2018,233.51935,390.7436,123.30766,131.93405,8.86121
Tunisia,TUN,2019,21.019024,220.82413,77.355576,246.08685,5.0687165
Tunisia,TUN,2020,3.043954,514.99945,95.94899,435.38333,2.1618779
Tunisia,TUN,2021,1.6764513,1638.2242,53.084717,187.89119,183.27008
Tunisia,TUN,2022,180.31921,1949.1776,224.63655,571.63965,14.669011
Tunisia,TUN,2023,959.7108,1819.1136,175.22304,475.994,13.991051
Turkey,TUR,2001,,21991.838,150.01848,63.751884,34.96544
Turkey,TUR,2002,,24694.56,122.32406,42.940536,32.46219
Turkey,TUR,2003,,17309.328,45.850117,58.013126,16.67053
Turkey,TUR,2004,,27484.625,265.4713,107.289474,70.667725
Turkey,TUR,2005,,19726.32,109.35282,113.63585,35.087555
Turkey,TUR,2006,,24909.469,247.592,147.55513,68.68016
Turkey,TUR,2007,,24198.438,324.9005,140.08987,53.79546
Turkey,TUR,2008,,26826.807,156.34225,1419.893,42.689808
Turkey,TUR,2009,,25785.137,176.73401,1487.2922,37.476357
Turkey,TUR,2010,,16337.254,104.00941,118.16295,51.339184
Turkey,TUR,2011,,23092.668,135.86325,94.6112,102.557465
Turkey,TUR,2012,,26993.693,781.5009,129.78226,91.80774
Turkey,TUR,2013,,21786.816,248.08127,177.62366,28.782726
Turkey,TUR,2014,,21303.178,174.85506,98.98712,100.98252
Turkey,TUR,2015,,27207.297,201.61154,51.314564,96.919846
Turkey,TUR,2016,,24960.191,212.6179,79.42073,73.478294
Turkey,TUR,2017,,33161.816,225.79108,94.295204,117.67533
Turkey,TUR,2018,,34895.812,209.12975,54.713722,186.85498
Turkey,TUR,2019,,38233.137,184.92294,131.7278,127.5024
Turkey,TUR,2020,,44179.434,340.2555,152.11562,156.06595
Turkey,TUR,2021,,77664.34,400.1597,321.6432,434.5541
Turkey,TUR,2022,,52332.168,348.24472,140.77808,182.18457
Turkey,TUR,2023,,52957.87,651.19556,33.992287,270.47122
Turkmenistan,TKM,2001,,0.3679936,,,
Turkmenistan,TKM,2002,,14.725805,,,
Turkmenistan,TKM,2003,,3.7425642,,,
Turkmenistan,TKM,2004,,2.8834817,,,
Turkmenistan,TKM,2005,,10.060125,,,
Turkmenistan,TKM,2006,,3.0675843,,,
Turkmenistan,TKM,2007,,3.3750656,,,
Turkmenistan,TKM,2008,,6.074832,,,
Turkmenistan,TKM,2009,,1.4725744,,,
Turkmenistan,TKM,2010,,1.1046131,,,
Turkmenistan,TKM,2011,,0.36820713,,,
Turkmenistan,TKM,2012,,1.1660914,,,
Turks and Caicos Islands,TCA,2001,6.9402337,,,,
Turks and Caicos Islands,TCA,2002,4.151096,,,,
Turks and Caicos Islands,TCA,2003,9.946968,,,,
Turks and Caicos Islands,TCA,2004,9.943741,,,,
Turks and Caicos Islands,TCA,2005,21.105684,,,,
Turks and Caicos Islands,TCA,2006,3.6482146,,,,
Turks and Caicos Islands,TCA,2007,66.45898,,,,
Turks and Caicos Islands,TCA,2008,55.945515,,,,
Turks and Caicos Islands,TCA,2009,102.59092,,,,
Turks and Caicos Islands,TCA,2010,36.272877,,,,
Turks and Caicos Islands,TCA,2011,13.740582,,,,
Turks and Caicos Islands,TCA,2012,7.012599,,,,
Turks and Caicos Islands,TCA,2013,10.0871,,,,
Turks and Caicos Islands,TCA,2014,25.543571,,,,
Turks and Caicos Islands,TCA,2015,19.891155,,,,
Turks and Caicos Islands,TCA,2016,16.526133,,,,
Turks and Caicos Islands,TCA,2017,26.826418,,,,
Turks and Caicos Islands,TCA,2018,28.903976,,,,
Turks and Caicos Islands,TCA,2019,15.169106,,,,
Turks and Caicos Islands,TCA,2020,32.76795,,,,
Turks and Caicos Islands,TCA,2021,41.85877,,,,
Turks and Caicos Islands,TCA,2022,14.955441,,,,
Turks and Caicos Islands,TCA,2023,22.963545,,,,
Uganda,UGA,2001,295.28702,436.36044,28255.65,67.5297,407.95062
Uganda,UGA,2002,67.68754,163.76381,10425.371,10.841015,61.773373
Uganda,UGA,2003,108.52399,312.14398,11178.649,16.223574,243.47726
Uganda,UGA,2004,142.51419,314.292,17234.33,24.37246,241.2494
Uganda,UGA,2005,312.44946,284.52283,27533.312,120.55986,815.4567
Uganda,UGA,2006,170.52188,443.89838,27249.582,13.99336,471.50168
Uganda,UGA,2007,555.0718,470.05298,33494.36,27.986689,1787.3849
Uganda,UGA,2008,291.73526,469.1725,35554.242,11.994992,452.87997
Uganda,UGA,2009,262.05026,222.28352,22214.828,1.8452585,366.8743
Uganda,UGA,2010,482.40125,314.83655,32764.682,29.908506,465.4943
Uganda,UGA,2011,351.07492,537.10046,62826.27,15.608345,1186.9425
Uganda,UGA,2012,266.66867,214.29951,27929.111,160.54108,398.94638
Uganda,UGA,2013,279.8431,409.83487,45990.098,2.4613717,993.4659
Uganda,UGA,2014,345.07376,527.21234,52882.03,6.151906,1074.3953
Uganda,UGA,2015,368.08618,579.2273,52200.137,16.5305,803.9876
Uganda,UGA,2016,418.859,820.9661,64787.54,58.971672,1352.4993
Uganda,UGA,2017,656.0061,1340.3304,113216.21,37.67519,1565.506
Uganda,UGA,2018,553.08704,1058.886,83226.56,5.460806,1344.794
Uganda,UGA,2019,678.63306,1013.1696,59873.113,20.146013,1615.429
Uganda,UGA,2020,794.76776,962.2511,69832.945,6.5377893,1901.8396
Uganda,UGA,2021,529.84125,803.2769,46633.402,9.767408,1245.8663
Uganda,UGA,2022,633.703,955.0534,61252.258,11.075423,1226.8627
Uganda,UGA,2023,761.1648,1285.4386,65728.414,7.3044934,1120.8506
Ukraine,UKR,2001,,27519.766,25.086786,659.36176,31.416046
Ukraine,UKR,2002,,25509.594,28.725039,944.6236,34.635647
Ukraine,UKR,2003,,36375.258,55.268875,2020.1969,43.839195
Ukraine,UKR,2004,,47184.977,63.841125,1487.464,72.31217
Ukraine,UKR,2005,,35059.52,59.130302,927.3748,49.016144
Ukraine,UKR,2006,,40121.727,63.77455,1264.9023,71.6618
Ukraine,UKR,2007,,61987.047,60.938107,1301.9539,9.32833
Ukraine,UKR,2008,,50242.49,61.45286,1868.2063,40.090496
Ukraine,UKR,2009,,44943.125,144.12488,2199.1,86.97267
Ukraine,UKR,2010,,50151.07,79.62219,1564.685,60.488277
Ukraine,UKR,2011,,57813.605,51.79154,1466.5745,106.15576
Ukraine,UKR,2012,,53011.31,31.921207,1139.0027,28.781063
Ukraine,UKR,2013,,36539.406,7.3254285,828.0235,18.271265
Ukraine,UKR,2014,,45576.33,30.761616,1083.9147,18.152977
Ukraine,UKR,2015,,46243.15,27.704018,2080.2537,17.17055
Ukraine,UKR,2016,,97502.4,64.41933,8010.845,48.568203
Ukraine,UKR,2017,,81427.43,39.642193,2781.001,57.516914
Ukraine,UKR,2018,,70780.664,52.457073,2605.4485,79.548676
Ukraine,UKR,2019,,43635.727,16.941065,880.8857,26.30074
Ukraine,UKR,2020,,70584.03,19.311329,7978.0796,31.973555
Ukraine,UKR,2021,,59510.035,34.97212,5850.8105,46.88194
Ukraine,UKR,2022,,45560.902,22.62774,1648.5966,23.126951
Ukraine,UKR,2023,,65897.266,14.18396,970.72784,10.720033
United Kingdom,GBR,2001,,19828.91,51.497047,1198.0251,202.14484
United Kingdom,GBR,2002,,18098.998,27.788593,1143.1812,66.73998
United Kingdom,GBR,2003,,1578.4801,4.0186353,237.33942,8.239746
United Kingdom,GBR,2004,,23298.752,11.654818,1082.106,84.83796
United Kingdom,GBR,2005,,7446.6045,43.918568,845.2306,87.7531
United Kingdom,GBR,2006,,18468.545,53.666145,1548.3477,223.41446
United Kingdom,GBR,2007,,29425.357,43.445087,1235.9927,76.5008
United Kingdom,GBR,2008,,10246.433,21.960052,1154.7728,289.58566
United Kingdom,GBR,2009,,35099.598,21.856863,1951.0499,40.27099
United Kingdom,GBR,2010,,26365.693,50.521275,1052.1877,174.10162
United Kingdom,GBR,2011,,20956.893,17.158688,978.2832,88.113014
United Kingdom,GBR,2012,,33214.465,56.816807,1612.9182,89.03283
United Kingdom,GBR,2013,,26608.371,6.500231,1041.326,212.96832
United Kingdom,GBR,2014,,28060.023,65.14314,1420.3103,187.6405
United Kingdom,GBR,2015,,22540.318,49.69686,1007.6637,122.857956
United Kingdom,GBR,2016,,27375.56,95.83419,928.88495,137.71605
United Kingdom,GBR,2017,,21920.049,61.491558,581.86676,151.39005
United Kingdom,GBR,2018,,25090.816,37.73701,772.0716,102.966965
United Kingdom,GBR,2019,,26657.809,27.764793,1066.1462,65.675705
United Kingdom,GBR,2020,,21740.656,23.014118,672.93317,62.444683
United Kingdom,GBR,2021,,24800.531,24.334114,722.64514,186.38075
United Kingdom,GBR,2022,,33025.227,27.09102,654.2177,95.65436
United Kingdom,GBR,2023,,21265.943,27.217913,129.17073,120.088715
United States,USA,2001,17997.324,1598140.1,4596.606,210480.08,103586.84
United States,USA,2002,12172.575,1487336.4,4070.5159,433759.8,92906.83
United States,USA,2003,9985.13,1218636.9,4451.555,331221.88,80420.63
United States,USA,2004,18466.395,1762797.9,5516.591,822960.3,126188.97
United States,USA,2005,15477.075,1657389.1,5075.0776,882622.8,122282.26
United States,USA,2006,16712.389,1677472.2,5014.0894,771609.3,127911.19
United States,USA,2007,16544.895,1814706.4,6251,470260.28,119207.71
United States,USA,2008,11049.947,1803349.2,5807.411,291750.03,94020.336
United States,USA,2009,12330.245,1278897.8,6220.556,240515.44,65335.297
United States,USA,2010,9184.657,1504996.6,3892.288,570749.94,72021.98
United States,USA,2011,10966.213,1340084.8,4848.9224,236320.78,65345.523
United States,USA,2012,15370.685,1594448.5,4072.6257,258955.4,81499.695
United States,USA,2013,7416.1465,1311444.6,2231.5137,341463.8,61922.41
United States,USA,2014,11778.815,1452637.5,3726.969,181632.12,78716.52
United States,USA,2015,6490.255,1378218,4263.8594,820870.1,75719.6
United States,USA,2016,8894.191,1729415.8,5741.1084,414750.7,99742.14
United States,USA,2017,10567.297,1799313.2,7235.0874,369464.56,117660.81
United States,USA,2018,9369.09,1616776.1,8016.3784,347519.34,104493.086
United States,USA,2019,8148.407,1450440.2,5255.004,554397.2,84832.75
United States,USA,2020,7475.825,1484817.6,4156.7812,378656.34,85705.5
United States,USA,2021,11720.741,1595594.8,3894.8445,336303.75,89705.17
United States,USA,2022,7842.258,1421187.2,9141.16,676313.25,83595.66
United States,USA,2023,12033.29,1129201.6,10111.289,158461.61,71532.53
United States Minor Outlying Islands,UMI,2001,,,2.1197107,,
United States Minor Outlying Islands,UMI,2002,,,6.505533,,
United States Minor Outlying Islands,UMI,2005,,,84.497696,,
United States Minor Outlying Islands,UMI,2006,,,0.07309478,,
United States Minor Outlying Islands,UMI,2009,,,0.07309467,,
United States Minor Outlying Islands,UMI,2011,,,0.14619763,,
United States Minor Outlying Islands,UMI,2012,,,10.452939,,
United States Virgin Islands,VIR,2001,47.101723,,73.725525,,
United States Virgin Islands,VIR,2002,3.6684816,,16.133945,,
United States Virgin Islands,VIR,2003,9.464083,,28.509848,,
United States Virgin Islands,VIR,2004,6.0159187,,18.773914,,
United States Virgin Islands,VIR,2005,3.3014562,,13.996601,,
United States Virgin Islands,VIR,2006,14.599894,,55.98695,,
United States Virgin Islands,VIR,2007,6.0158205,,16.634138,,
United States Virgin Islands,VIR,2008,13.646162,,23.659096,,
United States Virgin Islands,VIR,2009,28.832487,,51.335766,,
United States Virgin Islands,VIR,2010,12.473081,,8.798755,,
United States Virgin Islands,VIR,2011,17.31391,,31.651484,,
United States Virgin Islands,VIR,2012,5.4290767,,20.022648,,
United States Virgin Islands,VIR,2013,4.401865,,18.836313,,
United States Virgin Islands,VIR,2014,5.429542,,15.089855,,
United States Virgin Islands,VIR,2016,1.1738342,,4.393578,,
United States Virgin Islands,VIR,2017,24.136261,,1052.5115,,
United States Virgin Islands,VIR,2018,11.592383,,31.312628,,
United States Virgin Islands,VIR,2019,3.8152938,,15.254694,,
United States Virgin Islands,VIR,2020,3.0078745,,10.41105,,
United States Virgin Islands,VIR,2021,2.3478093,,16.929367,,
United States Virgin Islands,VIR,2022,3.8150222,,29.18366,,
United States Virgin Islands,VIR,2023,1.8341213,,24.575033,,
United States Virgin Islands,VIR,2015,,,0.2193597,,
Upper-middle-income countries,,2001,2930797.8,868197.56,1433847.5,67427.14,10627.946
Upper-middle-income countries,,2002,3666666.8,920892.4,1418083.5,64447.49,9495.824
Upper-middle-income countries,,2003,3297140.8,894889,1295862.5,133644.33,7108.84
Upper-middle-income countries,,2004,4777538.5,1224721.9,1582425.5,188707.22,12541.008
Upper-middle-income countries,,2005,4316282,1144414.5,1665334.9,78981.01,10448.763
Upper-middle-income countries,,2006,3808273,1300755.8,1423451.1,150080.4,13765.516
Upper-middle-income countries,,2007,3991597.8,1403046.1,1659883,129408.53,15042.651
Upper-middle-income countries,,2008,3870530.8,1500488.4,1605290.8,139963.94,13721.134
Upper-middle-income countries,,2009,3958742.5,1449047,1529067.2,153387.38,14421.617
Upper-middle-income countries,,2010,3872250.8,1407581.2,1566221.9,83315.88,13050.891
Upper-middle-income countries,,2011,3756597.8,1405735.4,1299161.2,56463.75,12131.48
Upper-middle-income countries,,2012,5059088.5,1695535.9,1909269.8,86010.02,15272.778
Upper-middle-income countries,,2013,2921150.8,1113749,1538260.2,36291.86,8354.555
Upper-middle-income countries,,2014,4181681.8,1544230.5,1781359.6,35675.402,13388.124
Upper-middle-income countries,,2015,3639257.2,1300406.1,1431697.1,35378.688,9709.448
Upper-middle-income countries,,2016,6146073.5,1969916.5,3308143.5,80368,14359.61
Upper-middle-income countries,,2017,4875739,1871892.2,2802689.8,82857.91,16674.484
Upper-middle-income countries,,2018,3616018.2,1515738,1967677.2,53782.58,12619.259
Upper-middle-income countries,,2019,3509209,1342348,1880444.4,42317.215,11512.347
Upper-middle-income countries,,2020,3749234.8,1203895,2041544.6,55876.2,10322.632
Upper-middle-income countries,,2021,3404078.2,1324662.4,1636216.2,51684.934,10127.405
Upper-middle-income countries,,2022,3583548.2,1331225,1781958.6,42002.203,9617.939
Upper-middle-income countries,,2023,3547905.2,1426667,1869455.5,31468.498,16115.66
Uruguay,URY,2001,918.6658,5068.8594,1214.3196,50.83443,5.107442
Uruguay,URY,2002,1475.337,4329.329,848.2848,37.53855,10.789894
Uruguay,URY,2003,1520.9033,7404.169,1429.547,28.343407,2.0518947
Uruguay,URY,2004,1208.7278,11574.254,1988.2319,52.988087,9.787743
Uruguay,URY,2005,1838.0562,11636.882,1869.7313,117.71131,8.571345
Uruguay,URY,2006,1271.3658,15777.767,3486.444,142.21976,8.481394
Uruguay,URY,2007,2056.6943,15213.249,3791.2815,137.68712,5.6573825
Uruguay,URY,2008,2491.801,17589.71,3050.6777,133.0691,9.4879
Uruguay,URY,2009,890.3947,14180.798,3469.46,378.46854,22.15256
Uruguay,URY,2010,1413.5002,12847.125,2643.8308,678.76465,7.2504277
Uruguay,URY,2011,3217.1855,20732.541,3313.193,371.3167,7.110931
Uruguay,URY,2012,2919.4514,21275.428,6021.352,184.98235,6.338004
Uruguay,URY,2013,2231.188,14330.984,2370.9998,125.98013,8.309267
Uruguay,URY,2014,1338.6914,20602.281,3255.5198,141.97353,2.9835298
Uruguay,URY,2015,967.7723,14506.452,1921.0677,82.57609,2.55099
Uruguay,URY,2016,2371.5945,17808.135,3025.0684,373.60233,9.852753
Uruguay,URY,2017,1627.905,15984.304,3636.3088,434.8947,10.45757
Uruguay,URY,2018,1460.0828,15852.063,2020.839,74.706665,8.860462
Uruguay,URY,2019,1673.3755,10847.174,1884.4535,28.40657,15.491625
Uruguay,URY,2020,1991.2356,8966.42,1578.9438,77.43935,1.9308479
Uruguay,URY,2021,2493.4255,12337.688,1962.789,115.87827,4.807382
Uruguay,URY,2022,3257.5312,10982.139,1541.1709,38.26417,6.348523
Uruguay,URY,2023,4527.535,12425.647,3665.2258,280.91895,10.392316
Uzbekistan,UZB,2002,,3.5446217,0.17706205,16.566628,
Uzbekistan,UZB,2003,,0.929823,1.4861947,0.056155644,
Uzbekistan,UZB,2004,,0.23241341,0.23850198,0.3368529,
Uzbekistan,UZB,2005,,0.4065771,0.4106329,0.16848138,
Uzbekistan,UZB,2006,,0.5808976,2.1454656,1.3478501,
Uzbekistan,UZB,2007,,1.7430758,0.23649557,2.2465696,
Uzbekistan,UZB,2008,,0.63937354,0.2355087,4.435945,
Uzbekistan,UZB,2009,,8.774589,0.7729257,4.998326,
Uzbekistan,UZB,2010,,0.46495855,0.29610813,0.16839056,
Uzbekistan,UZB,2011,,3.776874,0.17589869,0.11221747,
Uzbekistan,UZB,2012,,1.8008198,,0.5053141,
Uzbekistan,UZB,2013,,0.9875848,10.373441,,
Uzbekistan,UZB,2001,,,0.4164593,19.711823,
Uzbekistan,UZB,2014,,,43.341423,,
Uzbekistan,UZB,2019,,,0.05862921,,
Uzbekistan,UZB,2021,,,0,,
Uzbekistan,UZB,2022,,,0,,
Uzbekistan,UZB,2023,,,0.17545155,,
Vanuatu,VUT,2003,0.072338805,48.90913,430.54163,,
Vanuatu,VUT,2006,0.14468113,8.238011,170.9391,,
Vanuatu,VUT,2009,104.12405,659.2084,272.46332,,
Vanuatu,VUT,2010,0.36170748,3.7281132,247.25793,,
Vanuatu,VUT,2011,2.4595234,375.5568,160.96252,,
Vanuatu,VUT,2013,2.0842016,11.309931,925.25397,,
Vanuatu,VUT,2014,5.278489,12.045828,482.32602,,
Vanuatu,VUT,2015,0.5954985,73.91156,3012.9072,,
Vanuatu,VUT,2016,0.52101713,18.213049,1242.1842,,
Vanuatu,VUT,2017,1.1888118,1.1884891,384.49265,,
Vanuatu,VUT,2019,0.1452234,2.4514563,216.61607,,
Vanuatu,VUT,2021,3.0496602,2.7738883,40.578064,,
Vanuatu,VUT,2022,6.6998043,0.5783979,36.565723,,
Vanuatu,VUT,2023,16.347303,6.6351104,806.23035,,
Vanuatu,VUT,2001,,0.07430074,60.589817,,
Vanuatu,VUT,2004,,1.3855551,317.96082,,
Vanuatu,VUT,2005,,1.8982544,201.44397,,
Vanuatu,VUT,2007,,0.44026184,97.91399,,
Vanuatu,VUT,2008,,0.7332563,157.4133,,
Vanuatu,VUT,2012,,0.5200168,157.83994,,
Vanuatu,VUT,2018,,0.8017108,922.2533,,
Vanuatu,VUT,2020,,2.0651858,3763.544,,
Vanuatu,VUT,2002,,,74.346504,,
Venezuela,VEN,2001,27402.492,6558.187,87050.86,968.4339,175.89735
Venezuela,VEN,2002,14582.191,7236.198,65785.414,1454.384,113.38461
Venezuela,VEN,2003,16869.824,5727.5977,62764.246,545.9495,94.010544
Venezuela,VEN,2004,17624.96,8438.985,62731.098,1174.931,47.69375
Venezuela,VEN,2005,13064.509,8903.132,70822.51,1227.2711,48.217903
Venezuela,VEN,2006,17087.771,9403.721,56620.797,1248.897,99.8457
Venezuela,VEN,2007,16293.283,7370.23,88755.65,521.8879,117.384026
Venezuela,VEN,2008,23559.71,10573.325,83395.5,1836.5638,94.781425
Venezuela,VEN,2009,31184.707,8060.0576,98080.94,3384.788,202.51334
Venezuela,VEN,2010,27258.432,6099.259,65512.082,811.41656,44.96054
Venezuela,VEN,2011,20447.422,4820.256,46745.984,881.1542,110.79482
Venezuela,VEN,2012,25308.531,5541.2896,70399.24,1438.9287,146.03638
Venezuela,VEN,2013,17825.982,4691.8257,39311.785,1108.1671,58.641987
Venezuela,VEN,2014,28233.51,3594.3372,65863.75,1543.1193,85.05243
Venezuela,VEN,2015,16348.605,1777.2573,41450.777,1051.2135,76.960144
Venezuela,VEN,2016,39896.52,5409.3774,156905.97,3156.7227,48.814415
Venezuela,VEN,2017,27126.75,1679.5623,133640.61,2430.4875,72.33117
Venezuela,VEN,2018,25486.771,3158.9878,80890.75,1160.164,70.83605
Venezuela,VEN,2019,34215.812,11870.095,89617.94,2440.0415,29.972492
Venezuela,VEN,2020,31004.654,2864.392,100411.38,2794.8433,46.628197
Venezuela,VEN,2021,12238.264,552.87714,48924.81,1208.0388,26.643929
Venezuela,VEN,2022,9845.178,748.7684,42396.492,1770.8647,12.412381
Venezuela,VEN,2023,14061.059,1840.1344,58948.875,1446.5557,12.109127
Vietnam,VNM,2001,11847.336,24702.28,10066.524,,211.68712
Vietnam,VNM,2002,10297.661,25744.951,13175.276,,106.63408
Vietnam,VNM,2003,10092.664,19295.752,13325.949,,68.98174
Vietnam,VNM,2004,20050.443,36169.098,17219.838,,234.64153
Vietnam,VNM,2005,23560.805,48207.016,29971.705,,202.32013
Vietnam,VNM,2006,22094.611,32372.66,23882.74,,209.92783
Vietnam,VNM,2007,23887.79,37242.82,18734.336,,167.15161
Vietnam,VNM,2008,26609.738,52467.13,28929.453,,118.10155
Vietnam,VNM,2009,45521.383,66236.9,25329.73,,269.6529
Vietnam,VNM,2010,44193.79,70559.02,58867.652,,155.54669
Vietnam,VNM,2011,42355.152,56156.637,31815.63,,192.1222
Vietnam,VNM,2012,72065.06,82677.75,25882.96,,327.58218
Vietnam,VNM,2013,48856.43,65476.543,17803.385,,197.33318
Vietnam,VNM,2014,77693.57,111109.32,28072.16,,320.97452
Vietnam,VNM,2015,69715.3,116808.85,30973.836,,332.16043
Vietnam,VNM,2016,118051.36,178238.23,56594.29,,431.05728
Vietnam,VNM,2017,87529.445,152226.97,46569.23,,452.34784
Vietnam,VNM,2018,72991.09,114922.23,36844.984,,287.5341
Vietnam,VNM,2019,71724.61,107680.68,37036.277,,298.3279
Vietnam,VNM,2020,63403.195,102548.1,41174.48,,449.14383
Vietnam,VNM,2021,59341.805,97865.734,35492.582,,276.44272
Vietnam,VNM,2022,40814.67,85715.836,38330.066,,203.83678
Vietnam,VNM,2023,33523.22,67764.45,33846.14,,158.94762
World,OWID_WRL,2001,3079846.8,4962431.5,2973189,2078229.1,134446.89
World,OWID_WRL,2002,3864099,5069275,3157836.5,4132230.2,123233.234
World,OWID_WRL,2003,3479094.5,4346269.5,2513569.5,3961970.2,104681.13
World,OWID_WRL,2004,5025403.5,6620584,2916230.8,5071205,158950.27
World,OWID_WRL,2005,4585284,6317127,3389563,3555427.8,155002.31
World,OWID_WRL,2006,4099296,6342433.5,3185705.8,3753628,166266.38
World,OWID_WRL,2007,4270306,6813735.5,3710399.2,3330667.2,161337.78
World,OWID_WRL,2008,4288088,6632385,3621425.5,3832188.8,133740.95
World,OWID_WRL,2009,4314718.5,5881944.5,4024295.5,2556640,105243.2
World,OWID_WRL,2010,4476162,6377513.5,4333850.5,3140385.8,111381.06
World,OWID_WRL,2011,4204066.5,6179603,3474880,3516502.5,101862.33
World,OWID_WRL,2012,5563957.5,7358078,4346120.5,5964957.5,127671.66
World,OWID_WRL,2013,3350793,5568749,4909362,6595591,106687.92
World,OWID_WRL,2014,4702558,6717825,6409810,5681425,126609.195
World,OWID_WRL,2015,4072347.5,6196915.5,4930807,4270976,107847.945
World,OWID_WRL,2016,6954391,8613805,8326820,5550683,154905.88
World,OWID_WRL,2017,5601573.5,8997430,8688690,5826337.5,187119.36
World,OWID_WRL,2018,4165860,7588273.5,6696494.5,6082036,159559.7
World,OWID_WRL,2019,4610306,7836780,6171300.5,5347150,145418.45
World,OWID_WRL,2020,4424561.5,7719886,6733926,6702943,146126.9
World,OWID_WRL,2021,4142855,7480572,5996186.5,7444745,142653.44
World,OWID_WRL,2022,4282218.5,7052336.5,6040814,5247698.5,137446.48
World,OWID_WRL,2023,4461754,8052845,6602620.5,9004975,123073.99
Zambia,ZMB,2001,0.22281986,,29509.957,86.550934,35.113167
Zambia,ZMB,2002,0.07427332,0.38008913,45493.08,43.320072,58.489655
Zambia,ZMB,2005,0.22281744,0.07601756,56735.88,232.75006,48.38497
Zambia,ZMB,2006,0.59408504,6.081588,39990.273,133.33267,24.67857
Zambia,ZMB,2008,0.0742625,2.7366352,65477.42,255.891,23.250788
Zambia,ZMB,2009,3.1932948,0.4561067,117152.44,188.81836,45.891438
Zambia,ZMB,2010,0.07426891,150.58615,172765.33,177.52657,328.84903
Zambia,ZMB,2012,0.74264127,14.52016,128833.06,81.58938,107.46682
Zambia,ZMB,2013,0.14854637,92.82552,82957.77,30.42212,125.860695
Zambia,ZMB,2014,0.2970571,108.789955,113867.86,50.565765,117.40086
Zambia,ZMB,2015,1.039735,0.30408102,87129.2,32.062447,57.237473
Zambia,ZMB,2016,0.2227985,,141121.94,107.372826,256.53836
Zambia,ZMB,2017,0.222794,1.9762727,162255.03,35.38386,222.18103
Zambia,ZMB,2018,0.5198228,1.6722074,143658.8,64.69204,76.979805
Zambia,ZMB,2019,5.1247926,1.7483233,124499.22,15.592127,63.589
Zambia,ZMB,2020,1.4111317,0.30406496,162707.58,30.650507,97.06207
Zambia,ZMB,2021,3.8620641,0.22802275,201122.33,31.947798,107.40704
Zambia,ZMB,2022,1.3368651,0.30403072,178864.44,31.702957,51.201744
Zambia,ZMB,2023,2.0052698,0.68408203,190196.11,28.354399,151.21175
Zambia,ZMB,2003,,0.076019295,41267.137,121.22708,33.53795
Zambia,ZMB,2004,,2.888548,28067.207,115.174324,3.0787132
Zambia,ZMB,2007,,2.6608086,53059.805,215.84962,4.3818564
Zambia,ZMB,2011,,,59604.87,39.32606,3.1951423
Zimbabwe,ZWE,2001,4.968915,3386.704,4376.872,142.49022,2.0539927
Zimbabwe,ZWE,2002,15.462629,2548.0476,5078.0776,95.56068,2.6406167
Zimbabwe,ZWE,2003,15.604119,3478.7812,3704.0073,30.83733,4.619762
Zimbabwe,ZWE,2004,16.994818,3827.6887,4400.11,109.05631,0.8802582
Zimbabwe,ZWE,2005,10.522701,3624.254,7667.233,118.30424,10.778342
Zimbabwe,ZWE,2006,3.6526687,8444.1045,6163.485,145.11084,
Zimbabwe,ZWE,2007,11.719799,3076.9944,5912.161,124.40111,8.654293
Zimbabwe,ZWE,2008,8.4243355,1240.4952,3979.2576,85.431206,11.948416
Zimbabwe,ZWE,2009,13.554747,5892.393,12885.744,372.16864,8.214195
Zimbabwe,ZWE,2010,10.5033455,1449.2499,4992.6777,58.76848,13.854598
Zimbabwe,ZWE,2011,6.8155074,4188.6885,4647.9517,70.391205,9.01831
Zimbabwe,ZWE,2012,6.962277,5304.908,8264.419,103.04402,8.502754
Zimbabwe,ZWE,2013,4.827966,4916.879,4633.5596,19.15678,8.361403
Zimbabwe,ZWE,2014,10.910347,4362.052,5161.415,36.81432,5.28081
Zimbabwe,ZWE,2015,7.8626494,7067.2256,5120.978,29.909454,4.254072
Zimbabwe,ZWE,2016,8.832353,5776.277,5100.397,37.588963,3.2265599
Zimbabwe,ZWE,2017,8.029338,14162.39,11672.245,40.064884,7.260712
Zimbabwe,ZWE,2018,3.7811701,2994.1074,3523.5996,10.434209,3.1529698
Zimbabwe,ZWE,2019,1.3822051,6526.8984,4999.3896,11.238701,1.833442
Zimbabwe,ZWE,2020,1.0178161,2693.8315,3496.3782,13.867128,2.7871077
Zimbabwe,ZWE,2021,1.600864,2937.0247,6014.736,28.462732,3.738736
Zimbabwe,ZWE,2022,4.023651,3659.4998,4522.88,29.195229,3.9607317
Zimbabwe,ZWE,2023,4.5592427,1984.6761,3655.3176,30.09897,8.215701